,tweet_id,engaging_user_id,labed
1501,DCEF6C06DDE77C2DBE7F0BE99B95120A,9A594A6456C8BBD7AAB050760D699FFB,0
2586,E4154938E6B3A6568E36D016C131F134,D09D84B41D8B9F882F211BD879C0AC51,0
2653,58D87EB41D1B57BDBE6D7B1B4B71A116,C84F53B674ED742113B8734EBEEB2A78,0
1055,0397E6D2EB9382DC320FDA29E84F1B99,B5F3449E189E24D9CA6F9BA1B412B3C6,0
705,0397E6D2EB9382DC320FDA29E84F1B99,497968B2C32F7C99C1ED7EE7865B6DDA,0
106,E1EC2B2818B39D2C17A5E9125FBE7E77,08B9E859DC06DDAAFB3CB968A4663F4E,0
589,0397E6D2EB9382DC320FDA29E84F1B99,2A2D179C4B128663865DAD5CDE436295,0
2468,8740737B442B5650074E7983A5B7E346,D38C457537C96BD524023BBC690B5243,0
2413,8740737B442B5650074E7983A5B7E346,AD0146EBD6470BC092A490EEF89D4F79,0
1600,0BBA0136028879848F52E646DD01F8C7,5BCE37F7C2AE47CB19EF5AE6922D1783,0
2464,8740737B442B5650074E7983A5B7E346,D08C4D963CCF7272F810EECD3A97ECFD,0
228,435D5E327DA15674FC8C43ED53FCBF78,8C28B8D6624361DD16AB1983DEBEDE41,0
915,0397E6D2EB9382DC320FDA29E84F1B99,8D4C369A6ABCBBC2898E91B0AECE9BF8,0
794,0397E6D2EB9382DC320FDA29E84F1B99,66C46C20C03CC2D0830BB6069333E0FA,0
3021,312406A0DE0062ED272DB83D37871037,BA2DCB6D809752DE248FAE26022B31E7,0
3543,35E377818B102E79FAD0CC447573C8F0,0F773DA485F5EB9C93C6CCDE48FAD34E,0
1073,0397E6D2EB9382DC320FDA29E84F1B99,BB84BB1A963F77943778E4B97995D9B7,0
3351,7AF23716BF6D664EE0E8C09A9581FD90,0D9874208B7E8762AB6176524C87C13D,0
1744,CAC4A13BC5593CE0F7430C72E0FE256F,43CF7A2F7C2EB0E78D54240B612DE3F6,0
1084,0397E6D2EB9382DC320FDA29E84F1B99,BEA6EA9A4E69C7C44CA77AA6941B6CEE,0
926,0397E6D2EB9382DC320FDA29E84F1B99,90A1737735753493FF689FAD5BB302AD,0
3049,0CC553F334C3D23507F74982C5DD58EB,26B1D17856A341387AF8E8A316BE2423,0
1117,0397E6D2EB9382DC320FDA29E84F1B99,C734B7B5513620773A9760D3A4677A80,0
642,0397E6D2EB9382DC320FDA29E84F1B99,3A4FEE44CE56AFE564A2F202381B6A8D,0
4767,C2E363C6001E0047CE50EFB24268C881,2C628E5A5EF7A7F9B46CA9DB199B38F2,0
501,0397E6D2EB9382DC320FDA29E84F1B99,0EDE5BDB4BD9C413EE6D03CEE4FB48F7,0
4066,64A9F11024E2116EBD849E3165927C7C,82A34F9A830DC609B851B1093D226767,0
333,64153475F8549F693DC486E8E200F329,101A2F76C1889D1E1562B5EEA7A2F98B,0
4684,B9F0FC7AB8CAE5309E98AA25F77EEE50,BBAA86F1A178493663B912C3F7F7287C,0
486,0397E6D2EB9382DC320FDA29E84F1B99,0B539BC78B1D3C9674E81656E63C3820,0
1962,A38F163C98EDCCD3DF476AD793A34BCB,9B3BD49FCD0AB611EA399884FFE27BE4,0
393,64153475F8549F693DC486E8E200F329,D49FD31C340BC5FA8D4E1E3B499CEA98,0
4842,FC7B8127F63FD5BEDECD9B0030353A13,C24D973FB52207821AF70532B2A073D0,0
4866,FD298DAE426117B656DF7B49703AAE49,E7C3767060336EF1DD739214BB8EF476,0
1755,BEA80D78429B06C43713F0870AD1D04A,4EEF7F13095058642E0B9949B3C6446E,0
2515,8740737B442B5650074E7983A5B7E346,F8323045EDF7218B52E275F224D777A7,0
3585,3508F28458D4BE4553E394488CF7070D,6B7FEC72BDE9B9C6B757B756AB10A0D2,0
4315,0DD7BE7137314EA083B2C2EF3A1D4BE0,8F114273105FE872DB78577129481673,0
4966,7AE1526F39197087B651CA7A84ECC70E,C9B7691F138BCBC6C43C1E4AB3259758,0
2099,75B780B18D661B6201F5680B67AF8543,15B2C133F7AE15ADFAB4765EF93F6AB3,0
3599,3508F28458D4BE4553E394488CF7070D,CE7EDB40011E6E51F0DA1E852ABE02F0,0
4121,FFBA6F3EE3378160B40842E2E55D713E,E160A09B5C5687670A0FE40755E5E5A9,0
29,821B5D4A98CF158C3F14B1BD76E269D4,581980065ACBD23CA37C3156C178DBA0,0
65,E4053CF8A9B94EEB28C7A93ED26A0F5E,A804791CB029702C79F3B663E8C64277,0
838,0397E6D2EB9382DC320FDA29E84F1B99,7652D8DA8C797E1456442E06130E7DF5,0
3906,230C75A045BF2A6751473B09799770E2,F02D0741DF03A3FE6F3365503710378F,0
3773,C4A1DD02BA91EDE871C7FC6218786632,F7948FC7A225C1371B7CFB3D74BA35A1,0
4635,9A1A2EEB3202C0C984B6EF0A52C3F335,531D219D7F2E61ED5E1A990ADE9148CF,0
3161,576484C3D563C49FB74B0989E8F300CC,C8E7B0F5873487721FFA67EAF9DA4D79,0
2659,C75E7A8052BFCE08A21760A71CF800FE,3605331BE2EF47093CA8DDAB5DF8AE30,0
4615,5A7638FBB5D85977B7A29D8876693C07,076D7E2B7F96159B8E9EBBCF35C881A2,0
4628,CDE3FBA118172D664DEE329F2917B1ED,C635D5489901E3B62501D265B20615A4,0
2451,8740737B442B5650074E7983A5B7E346,C65F2C52AF2FEC58E4742535CDC1FEC0,0
2846,B38AE28639FDBF7DA8FC7123078797A7,42FFD23104279CD3A1A4E87A98653D18,0
1144,0397E6D2EB9382DC320FDA29E84F1B99,CEE450665D4B9B7774EE242327DD88E3,0
3078,7C83F106D3129C4AD382304E9704989F,CFF3E9A9BCD0B53E81931A24E9B759C3,0
1103,0397E6D2EB9382DC320FDA29E84F1B99,C1E22589BB7BF675EC19AE9465308089,0
168,E1EC2B2818B39D2C17A5E9125FBE7E77,D560157B0732BA621FAD4DF7565F5CB0,0
1670,8B5C4313D10F9AE9645797A7B223F179,A9F090C5EF8ACE5E2AC6C0BCA5D7EBC6,0
2570,E4154938E6B3A6568E36D016C131F134,867088E6E3F6E5465D71B7000A0F0329,0
2377,8740737B442B5650074E7983A5B7E346,94A2ED6F8083D6E4D005F183078FBEC8,0
4395,96B16BAA785F4762FB7A34A58F5A274A,37A3AE13879212378B028DE29EC2E2F2,0
4257,8F42712998B2B3478CECE7F563745217,F4C41C9629E5AC14F3F505D15DD98163,0
3862,089FE87D98654DA3323FE87552B86965,48918F9BDF36C80185112EF228F1429F,1
23,03B3458017EDF646D44BE14D9D3BC461,5C0659FBE930E8275AD5D4DF6C0E084F,0
2633,29AF84E3E5ECAAAE069A25666D9B4CB5,879516CFF533EFFE70F557103340E9C1,0
3340,2BF892FE67007E293EAB48C1EE6E7FC1,A963A48202A6F539BD9D795A3B17FF4F,0
2215,8740737B442B5650074E7983A5B7E346,0264A2B249043FE659CEF248853F9198,0
3682,D26C417F886F6E5F41BCD9EFFBBFA5B0,7F6B9DE953DA7268DAEA66041DC8CBC9,0
4724,DB10036A2885792399EB68AA39FB576D,615F460B42ABC548DF2B3F66E15B4534,0
1907,3673A0233FEA56FFF45461AB6F166412,40A843F57C8BD85AFF4B5E173E90427A,0
84,68470D7148500EFAC6B9535F5ACF4E4C,CB300D74B12DD9EBE121A66A7B92BB24,0
227,435D5E327DA15674FC8C43ED53FCBF78,665F160EE6E14700134038B9A1A603E8,0
296,B750B9F07B7C364B5321C9D80279B137,C3A106CDB20BDFD032F954B13647A567,0
1001,0397E6D2EB9382DC320FDA29E84F1B99,A614A815B97ECF074787822CD3CEB46D,0
2138,DE1604F4816F6B8BD85A9478AE9D32E9,F343F23E25FF1D7041E31E0CF4D026AD,0
711,0397E6D2EB9382DC320FDA29E84F1B99,4E1EA04FC7DB5E1EDE033FDE9B9CFD93,0
2801,D182EE03A3F466A443E00029A70458B1,650AE5068BB4285D68953846DBE8413C,0
2527,F4E9A8EC35C8E6DCE32C34CEA2D447B5,731DA0F663BF027AAC563032DF3BB5DA,0
3752,C4A1DD02BA91EDE871C7FC6218786632,2B0FD02C056CA01B642FEC25B6E1C04C,0
3321,7AEE830A4D509A11443B9199B1B2B310,C2A1AE4E8433D39AD26214712C10C6BF,1
3181,BAFD1E5392ACAC756BDA46FC3F8335A2,ACE3E3EECB72F8F05F9168DD8E597DCB,0
4183,8F42712998B2B3478CECE7F563745217,5CC7ECC6B3973CFCC26F883C232A467F,0
1615,5F9B72689102C45620D846D95308FD86,15301F32C65999A2A71AF9854CAB162E,0
3024,312406A0DE0062ED272DB83D37871037,C3729FCE535156BA256B79101C48EEB3,0
1413,DCEF6C06DDE77C2DBE7F0BE99B95120A,55FF8D823938A8876324C373C7073120,0
763,0397E6D2EB9382DC320FDA29E84F1B99,5C8022D7737109D226676A5738545144,0
655,0397E6D2EB9382DC320FDA29E84F1B99,3E9FC09A8376B0CA14C4E0973FA31106,0
4797,037243024DB46623320369D3381FBB93,A2B44695A0E895AB97AF94BED0150C2D,0
3849,494B06A1B363BACA10CB413DA5CF6F4C,8A423E9721ADB0BFAD447611FD9E079A,0
4153,8F42712998B2B3478CECE7F563745217,2C82443E4526A5F0EC722F78887836A0,0
468,0397E6D2EB9382DC320FDA29E84F1B99,0668396CBF49DD41A6F7DEDA04D32A03,0
157,E1EC2B2818B39D2C17A5E9125FBE7E77,B6901BCEC7FDAB01B964B7391A3C30B1,0
1295,0397E6D2EB9382DC320FDA29E84F1B99,F93D0AE14DA09965F27C4934819B6231,0
497,0397E6D2EB9382DC320FDA29E84F1B99,0DD6C3F5FDB1EE89FBE049F0A62B9176,0
4740,27D1DC8C27BA779E4D4C1CFC4B4491AF,11C287D75236F5FF7270382757E150E7,0
2940,C8C47D4E8FA8CF8A941668C51233E130,8CA2530F45551EF8CDD5384D84CFB25F,0
3456,A3B8BEF795136AAA9E25B5173E80A73D,EBBE15EB3C30A275BF87E7B9A676D12F,1
373,64153475F8549F693DC486E8E200F329,941D27315E91952D5D2416CD1D421572,0
79,68470D7148500EFAC6B9535F5ACF4E4C,80C87D432B3C25DFDA5904FA30A10FF2,0
1553,DCEF6C06DDE77C2DBE7F0BE99B95120A,D2B4E110F741342649346FA484B7F8B9,0
1669,8B5C4313D10F9AE9645797A7B223F179,A472DD23E62AAC8EA5C78F9AB0A06A83,0
2131,D013B627BD3FC4CA6C67E4ECDC559686,658764FF198432F3B3D86EE9DED1E823,0
4439,AFAB65C5FC62A180D6B3B18431E60566,DE7AD87391ADD3137D3B708820CE7101,0
465,0397E6D2EB9382DC320FDA29E84F1B99,0572D9E13CD5CBE3E4E64D347DB8AFF2,0
248,77A7A606D440152D447115F7BC54A080,D28D5C8E26986F0AC17EF12800936F67,1
931,0397E6D2EB9382DC320FDA29E84F1B99,945C8DA48B4D76DF96BC6DDE8D859C0E,0
1335,DCEF6C06DDE77C2DBE7F0BE99B95120A,0C5F8D53F341AEAA82DF9422F97A3878,0
4524,9122006F92EF5BAE00818CB370D0BD01,578F0F88A15DF82BD1058C573F97B282,0
1338,DCEF6C06DDE77C2DBE7F0BE99B95120A,0EA2B3E7031C078C2EC6DE91A6436F05,0
1406,DCEF6C06DDE77C2DBE7F0BE99B95120A,524466F1FAF2C493842A303EAB3213EE,0
1090,0397E6D2EB9382DC320FDA29E84F1B99,BF85050EA94CCD8427BDECFD01966000,0
4209,8F42712998B2B3478CECE7F563745217,90B4A1BFC9A5706F85D5E5D1E329D8ED,0
742,0397E6D2EB9382DC320FDA29E84F1B99,576EF4AA7BF7E0529A9F62F809861722,0
2323,8740737B442B5650074E7983A5B7E346,5BF09604D14166D885884D1816599317,0
3601,3508F28458D4BE4553E394488CF7070D,DB9C350700CE88805EAE8BC8CE6BCBA3,0
2123,2A0A6FBE54B50FE6825C2D18FF0F098E,E178C68AC92807D36EE5F04ED6FE18FF,0
2094,F5EAB1D8DF85F0E5073A0DC9D40F930F,E817C9AFA64E0F289C5D6D8B21F627A3,0
240,3FBCA57C33B7CC5CCBEC594833C7F23B,A524F1F4102F372B9E5E08576C707386,0
2351,8740737B442B5650074E7983A5B7E346,744ECF4B710C06AFEB7746632CB5EEEC,0
1370,DCEF6C06DDE77C2DBE7F0BE99B95120A,27F599ACAF4BC138E6A55F55713F9133,0
1057,0397E6D2EB9382DC320FDA29E84F1B99,B67CB1C42807F75F0C31F35314730FAE,0
4816,C8B613C0E6CF697B29BEFC7DEAD0E4F6,F25590D9DAAB771B67CB1639723E08B3,0
199,A8AC72AD1B865DD430512FBDE6E2FA4B,5D2073E67B1B5100EF1BE49DCCAF607F,0
2280,8740737B442B5650074E7983A5B7E346,3519A9F3C7C4FC8691360342575E218E,0
4749,F8D84A90536F0BAAAE6EAA23A72295D4,287A6A2B032C8CC5E006617F273F7FDC,0
2220,8740737B442B5650074E7983A5B7E346,04C9DAD7AB62D67C76ACF6B715592643,0
4771,E49518B0ED844658FFBD270F2461B85A,05016DD9EB880FDE0909DDF9DF61ABF4,0
2819,B5F3828751F9C226B3D66AF5041F63AA,1A620095A7B87A4A0A358891BA4282EA,0
3150,576484C3D563C49FB74B0989E8F300CC,A65D9C2D1817E00131CF8A7E14EAB3C0,0
4256,8F42712998B2B3478CECE7F563745217,F23FFDD4D9DF816C116E61B8803037E2,0
3107,576484C3D563C49FB74B0989E8F300CC,37BCE4BA0599BA29F134DAEEC09F488B,0
1973,E8BAAEDAE5905142D4F15522CE6D737F,6E92265136DAE5A64698644BD128599E,0
1375,DCEF6C06DDE77C2DBE7F0BE99B95120A,2B14794A99131E8E720EFD50C75A9D0C,0
3968,2D13FDB94AE10D569CC5474030B3A502,964BE8BDEB445B97F05F292BE6C98FDF,0
4062,64A9F11024E2116EBD849E3165927C7C,5DAEA474B1E01CE2F7F766B3D490D1D9,0
4445,E146E8C1849EA1BA9A2AA7215EE18DB4,31B9FEB592728DE782FF2F75C1343F21,0
3557,F1F3A933D483466E8EFD17442BF4E20C,0EB7387F197488D1EB219FF9DA69CCBD,0
964,0397E6D2EB9382DC320FDA29E84F1B99,9D2220AA1E6EB615B728A1A495360CCD,0
179,50C6FC9303046A3A8C6E180A1634DE3C,61B2ADA38125B9E2903B1969361AE752,0
3698,6CEB75B35F2C79D8CD70ADC7484EAD3B,3B74949A52327C08C135CAB1136EED76,0
3821,99D2C22C01ECD1E33873495B71D946C2,F26EF3DCD01DC0C536E3359360A7A208,0
4878,A55711E4479002C43502CDC014B4E4BA,391835C933E6B402C33E5D15D5DA2F8F,0
3899,230C75A045BF2A6751473B09799770E2,7F342718C94288C8C03B1301A645E6BC,0
4487,E2854B626EDB8EF85B19D54CBF806C8B,8E248F3985E2CC1D9E7A72CE780750DE,0
3238,C3DB789095E3BE110311DE77F16000E5,40560693F4112000E40AF0EAA13A5BDC,0
2974,312406A0DE0062ED272DB83D37871037,099BB11617539DCEB48F53691AE59DB2,0
3580,3508F28458D4BE4553E394488CF7070D,47E20585B7EEF68A9F5254FDA73A558F,0
2887,AFF5DE6974408DF24B3D4163D85C1590,E938919FD66D3A7BCBFF20C82AA68140,0
2575,E4154938E6B3A6568E36D016C131F134,98C2A44DB506A4C71551DAF2CD3C543C,0
1419,DCEF6C06DDE77C2DBE7F0BE99B95120A,5D44D0B4CD446299FBD40600B933457B,0
3907,4D9D6BD475C6D8D27312ECAD43F133A1,7E43403FA3CD00E04DC8EE6717C00EF4,0
4673,B9F0FC7AB8CAE5309E98AA25F77EEE50,6DF52D2591134F58FC0A5C3B5247285F,0
4902,3D002B29FF39B243AF71634C0A78376A,18D07DBD7200E664B8161FADCC08BF57,0
1860,2156982AF224E9BBFCE260B0D1145C2B,12B9FF861FE3D83A7519E63186F646FE,0
8,E5DE595BFF4F548CE9CD32B599FAB516,11612C81933A4F93C5F985AAFE3E04CB,0
2894,18CF9879CECC759B5495A1FD613A226B,4BC52953A80D7F65640792F1A8CFE4CA,0
2847,B38AE28639FDBF7DA8FC7123078797A7,8F33113F030AA72085EA74860106A760,0
3664,AAEF020AA8DFFB8B978CF2D8DFC4360C,A928D881CC4952E7771847A2733DC684,0
144,E1EC2B2818B39D2C17A5E9125FBE7E77,7574A014C169BEC6C48D0BCC23EB4295,0
2104,75B780B18D661B6201F5680B67AF8543,567587A9636BA1DDF40CD39C9B90EE51,0
3143,576484C3D563C49FB74B0989E8F300CC,96429BF5BF94E98459FB626504999107,0
841,0397E6D2EB9382DC320FDA29E84F1B99,76ED332B5241CD0ADC7439EFABF8136A,0
1128,0397E6D2EB9382DC320FDA29E84F1B99,CA8C242FE27AB641AC98C49F74B6575D,0
151,E1EC2B2818B39D2C17A5E9125FBE7E77,9BE818BFC59B01B5EB5C0C1DDCD9C6A8,0
3591,3508F28458D4BE4553E394488CF7070D,7CCF24C489261776722C833AE34B15A3,0
1052,0397E6D2EB9382DC320FDA29E84F1B99,B5705908D95B41BAFB6F56A14BBA4A33,0
1590,DCEF6C06DDE77C2DBE7F0BE99B95120A,FCFC05E38EB4AAB74CFEAD87399604E9,0
3008,312406A0DE0062ED272DB83D37871037,8E94E8D68CE17D48323574A953F620CF,0
2029,602D43C63E4D305D5D9648A225822DB5,EDD81FEF670750A1066D4852B2963F4C,0
3418,1499902C1B389A87E96E6AC204535819,D120A938A95F49DC77C15D4FD7FA15BC,0
1807,A94F50F34DEB0C6B83CD42D6CC256C92,FB3C157A17D9F26704B652F3C901AB70,0
2696,C554C83B4937CE95544CC32328F3AEE4,AC5C8DC87B9E083674926E5CE33BF3CB,0
3039,4FC0CD8BE089A3D542A27EE1E2E7CB83,4D0D54A37E1070430913588BD39E0861,0
472,0397E6D2EB9382DC320FDA29E84F1B99,072828B8598EDEEAD4FFD8037D04D5C6,0
3289,7AEE830A4D509A11443B9199B1B2B310,55504B6A648EE830339E6F8004215EFB,0
4074,64A9F11024E2116EBD849E3165927C7C,B28BF5B8CBDC3CEFF59E5A2B87EBDC00,0
3496,D0507FA599B66E17101F2C416C46137D,4A8B647EEFAE1DC1CBA004463F297BF8,0
279,B750B9F07B7C364B5321C9D80279B137,5AE72E70A12B796D0C9B2082DCB02932,0
1741,CAC4A13BC5593CE0F7430C72E0FE256F,32750D5A693F7B7F7EEF552218F643CD,0
4624,473AE1331FC761A0E0D3A9F0E002F601,4ABD21305D4C4C44AE840FBFA78C60AA,0
2886,AFF5DE6974408DF24B3D4163D85C1590,D5C2E9B628249B84EE7EACD832831CCF,0
1941,4B47EF4B9C4B780BFDF5CEED8EE8B41E,5A005326E4BA270985B3E4E649F902BC,0
100,F1F3AE5680F2699C41A79BFDA88E97B7,F20AB5544A2AFD7BA851330085106D3D,0
2804,DD5DC8F47D3A48C3CC1AEB0EE99DC684,A20E7461759480219A890FF7BFE94F5F,0
3570,B159085900BB26BCEE3AD3CC9304D40B,05574F059B859E79FD7CECEE243AD041,0
3684,D26C417F886F6E5F41BCD9EFFBBFA5B0,9DC24484AE7B349F02778F4053496ED2,0
3661,AAEF020AA8DFFB8B978CF2D8DFC4360C,788DF1555225883D80CA750362E45771,1
530,0397E6D2EB9382DC320FDA29E84F1B99,18134A344DEA03BFCE0C0B74DDC51697,0
1886,2156982AF224E9BBFCE260B0D1145C2B,C27735A0165FFA3959ED41DC0FD5C5FB,0
681,0397E6D2EB9382DC320FDA29E84F1B99,43BC2868E765EF121DFBF23126603533,0
3794,6DCD09C028389E12089632B447D700D7,9E4A729C63F8B98A722C001F6A469CB6,0
3944,2D13FDB94AE10D569CC5474030B3A502,42B9D121F49A7A48CF66739C35EB9286,0
4666,B9F0FC7AB8CAE5309E98AA25F77EEE50,2E301400AB0479C2F7E9149FEAF3377D,0
2018,C1AF07CB1636C863950531A3624D0F54,DA271A74F8C49F9BF3FDEB8AACD2A2CE,0
1096,0397E6D2EB9382DC320FDA29E84F1B99,C087A9403CF7E915963AA2F77C7FEE09,0
829,0397E6D2EB9382DC320FDA29E84F1B99,7213A275F2B29589687B67CCAEFB3934,0
2805,DD5DC8F47D3A48C3CC1AEB0EE99DC684,F04A157FBD2B90886BDC60DF37812A73,0
3829,8EB6374641E8C5F665A54046E0E76C72,A99ED2C4DC0F844024A1EB19B3DA241D,0
4381,2E0CAF347FD5F224B7D4775B290B4DA0,E287A8181E5002E65C66A1C4C5273EA7,0
3891,230C75A045BF2A6751473B09799770E2,12046A3845CAD01D608445CFF77BF1EB,0
764,0397E6D2EB9382DC320FDA29E84F1B99,5CE5FE6600E859D980CF0A12782F1CF6,0
2767,69843CB43EDB7E24C9942651585325B1,C6C2040AB61E04A4E811F8205097A058,0
4328,363A8710C362270999836E6D52099EC9,6D1B0563FFD3C09AAFE4E2ACCC74F002,0
3295,7AEE830A4D509A11443B9199B1B2B310,6D8B932625779FF4BB42918397749A3C,0
2194,C34B5A30193DE3478D85225CBD8CE365,350192E1C4827E8D8036361B0BA87CB1,0
2357,8740737B442B5650074E7983A5B7E346,7E103DAA32572870E138615C3FE043FA,0
3425,1499902C1B389A87E96E6AC204535819,D9FA1BBF2DF79CBAE8BAF51FF57FCDA4,0
3979,2D13FDB94AE10D569CC5474030B3A502,C9CFE3DECE4C5D55B8C319A8C0FC4DCC,0
911,0397E6D2EB9382DC320FDA29E84F1B99,8C3588C9D38FA5E5378B9746611546AD,0
3145,576484C3D563C49FB74B0989E8F300CC,9985EB6AC05D4B8E29B749ADE86EEC63,0
999,0397E6D2EB9382DC320FDA29E84F1B99,A59629ACCE80A2F5F9B2D9F980454C74,0
3653,80DB7EB182E92818F0C5D4F77EFEA6A0,B75996DF956D210498E20828FFD8B223,0
2483,8740737B442B5650074E7983A5B7E346,E2B12C86018AD9791846677A07B667A3,0
4076,64A9F11024E2116EBD849E3165927C7C,C11819149B153CDCA38E473E0748FA60,0
2370,8740737B442B5650074E7983A5B7E346,9280F0681B2365C635A25AED8CE28F01,0
4838,FC7B8127F63FD5BEDECD9B0030353A13,A4F545CDB58BEB0F88E6553C63B89986,0
33,0195E193FB3865120F97DE561EACFD44,009BB83DD910B2936E9751555B77DCC5,0
3789,6DCD09C028389E12089632B447D700D7,67AC3EE9375A081E9AD7971E88F1455F,0
1020,0397E6D2EB9382DC320FDA29E84F1B99,AB14DA0CE311C2DAD28BA8C45E677837,0
1647,D6DA585883E4624E0E6B641FA06E98C6,7BF7BC94689FDDC2ED0B1986CB40C026,0
733,0397E6D2EB9382DC320FDA29E84F1B99,54E78FEDEF9DDB680A40568D622BD623,0
4582,E41604560C3F195BD8AF74A237B181CB,C01E9BC5ADB7F17DC66DC5E0098518E2,0
3274,7AEE830A4D509A11443B9199B1B2B310,0B887AEA2EE332EA2A62C0FBBD777B7C,0
1620,75789966E9A2B833B566E5DD1163EA22,39C015C48676E22BA2C57E9B957CC0F9,0
3135,576484C3D563C49FB74B0989E8F300CC,7C5F01456A98695FCB1FD30AF744B3E3,0
2689,C554C83B4937CE95544CC32328F3AEE4,78D40864FA2858586A30C8B3B867CFC3,0
2707,C554C83B4937CE95544CC32328F3AEE4,EB74623760C3A42CF1C2ABC510ED98E1,0
297,B750B9F07B7C364B5321C9D80279B137,C516DBBFCE83386534F8772EDB0E5438,0
2339,8740737B442B5650074E7983A5B7E346,66973EBAC421438A691CF2D1285E17D3,0
653,0397E6D2EB9382DC320FDA29E84F1B99,3E178C28FC675194D356E6F3CDBB4C25,0
3774,4AB4020021D3C90E9E39F99EE99DED38,156056CD243263A33437770374C4B24D,0
1255,0397E6D2EB9382DC320FDA29E84F1B99,F0F2F2313D503D252AA9B50E0DA58D6B,0
4520,9122006F92EF5BAE00818CB370D0BD01,1ECC12A3AA2881F1A4A4489B6B6B516C,0
230,435D5E327DA15674FC8C43ED53FCBF78,C9A4344E6CAF99C19E32EC732DBDA462,0
3276,7AEE830A4D509A11443B9199B1B2B310,1FC3C29ED6EE8A1A597448EB87429421,0
3230,52C7F1E37FA2489CC6E336088008857E,704079AA91BB494065DE16CDE591A596,0
691,0397E6D2EB9382DC320FDA29E84F1B99,451A61ED0C9346C702E042A84FA2B405,0
2754,69843CB43EDB7E24C9942651585325B1,80FF612BD1971071EC9034C780700B6E,0
4863,FD298DAE426117B656DF7B49703AAE49,B1ED598D86C8CA9DEB92C0D593B21E25,0
969,0397E6D2EB9382DC320FDA29E84F1B99,9EBA552550112B3185771CEB51F786BD,0
633,0397E6D2EB9382DC320FDA29E84F1B99,3691993178E8B6DE0C3E67B014DA2EC1,0
4092,B262A7BDD3D7C2053DA10001FF944EBC,B91C219D2A3D858888D925ED145A6BF4,0
4077,64A9F11024E2116EBD849E3165927C7C,C4B4292538EE0C48AFB2A30324D1EC0F,0
1321,286AE1E2D3AE97F81990E8FFC3BE944C,989067F364BEDE872128F260F03B48D5,0
1831,D5828F07054787A73F0A5665FDF3B15C,87520F945FCD162438616A21C8516C98,0
2178,31D0BAB829C3EBB7C6DF422ACE07173D,EB7B39F4ED3F83851A4ACA2D88AD2BA4,0
1417,DCEF6C06DDE77C2DBE7F0BE99B95120A,5AFC3016394D645C6844181A44FD3510,0
1782,74BCD11F1336E58A5ACC26670418E05E,8548F1E4936639346BEDA7C9EFB99F66,0
4715,A45D6A0961516D94BE7DD2DB41FB52F1,A39D0528602E7A451A7E9C18686F6DD9,0
4701,4B32208B142D689FFA5A68D59402F687,D64F425ADFB828F12778C9597ED89362,0
4118,FFBA6F3EE3378160B40842E2E55D713E,20AFD0FE43F8C58D90C04A7D29ED9C62,0
1652,D6DA585883E4624E0E6B641FA06E98C6,D3E161B35E0EC773B17E2D3806265522,0
1483,DCEF6C06DDE77C2DBE7F0BE99B95120A,9035D643B4C36F35B3BB5F232F0835B9,0
2275,8740737B442B5650074E7983A5B7E346,31827261A1454CA5C74E3FAC9F301153,0
877,0397E6D2EB9382DC320FDA29E84F1B99,82241BA926825DFAA25AC60D0C7B87E7,0
3525,350824DC8B8B62812AD2BFD6581DDBC1,9FF265B210489C83E18D80666803CD2E,0
2016,C1AF07CB1636C863950531A3624D0F54,A505B6691C252AAB2EC9FEAA4471BF8F,1
426,0150620EF457986E1DEE422F927800FE,74482542603FB06A170521DEBAB0EB0D,0
626,0397E6D2EB9382DC320FDA29E84F1B99,356E7000F928EE6C1D868D9FB65304FA,0
1589,DCEF6C06DDE77C2DBE7F0BE99B95120A,FC53CC69390671C715835F95D5B3CB86,0
2223,8740737B442B5650074E7983A5B7E346,08B7792B490895EB1BF1295695245129,0
2217,8740737B442B5650074E7983A5B7E346,03BDCECDAF51F56AB8986F58E411F01D,0
4483,E2854B626EDB8EF85B19D54CBF806C8B,7FECBF2AAD573DE110CB093B81520D8A,0
1485,DCEF6C06DDE77C2DBE7F0BE99B95120A,91814AC125B172F2D365383736AAA2E5,0
1739,CAC4A13BC5593CE0F7430C72E0FE256F,1003A3F5E6299C50DD975A900934EF56,0
2480,8740737B442B5650074E7983A5B7E346,DF3D66BA2D65D8D8024E0D42D44AE7F5,0
2584,E4154938E6B3A6568E36D016C131F134,C3CDFC9458CAF0AB39A11CF573F670DA,0
2893,18CF9879CECC759B5495A1FD613A226B,37D931876EB85BE21F802D0437AD5BB1,0
149,E1EC2B2818B39D2C17A5E9125FBE7E77,926DD9261D92A0E1C5178BE10CBE47A5,0
676,0397E6D2EB9382DC320FDA29E84F1B99,4236017A786C2A65FE74DE7E7FDE1028,0
1261,0397E6D2EB9382DC320FDA29E84F1B99,F23D59593B441588E9727ACF351F24DD,0
4917,3D002B29FF39B243AF71634C0A78376A,B8A980C84A4F9F70184E9CDAB41C08C5,0
12,DFB95B180306A714B20C46B99D450821,3B917EC783290CDD0A027A0513212C22,0
1833,D5828F07054787A73F0A5665FDF3B15C,D5AE67BAF2EE2ECC8F458D6594D35D2C,0
3248,25C78A3076B5D1CA0C027F0A192C811B,A4FA5E9094E0BF4D6621C3409C27F837,0
1491,DCEF6C06DDE77C2DBE7F0BE99B95120A,94F814064A3EA9E53DD149173646217D,0
2727,B64C13E68C208AFFD2CB40CD55DC538B,6C16B4A61BD88D172C395A078F2283BA,0
3686,D26C417F886F6E5F41BCD9EFFBBFA5B0,D48702E1B846CD9F3BF5B5C70CC5513B,0
1424,DCEF6C06DDE77C2DBE7F0BE99B95120A,5EB4E6414496C656CBC6C9A23E5A7423,0
4605,69F27140685C0FB7091350C3FBCF302B,9D6EEA4417F9DD049AA1B5907EC0F90D,0
4595,69F27140685C0FB7091350C3FBCF302B,4E4CF4E417FA3014D11D136421529E4B,0
731,0397E6D2EB9382DC320FDA29E84F1B99,548897D6F8AB060FA470FA2D63091A5D,0
1231,0397E6D2EB9382DC320FDA29E84F1B99,E8D28948DF22ED58AF55F06880F32123,0
1634,75789966E9A2B833B566E5DD1163EA22,EDD854292D5763C64E4F5652F103E6E5,0
3936,2D13FDB94AE10D569CC5474030B3A502,22B573EE461AB1EE71F99F6BA26A3110,0
1210,0397E6D2EB9382DC320FDA29E84F1B99,E235908E069CF1D46C0424344DDECFE8,0
3268,BA8602581319EB87C509CF6F4724E8D8,8B64AE3BC1E500377C840CBDBDF741D0,0
1934,2BD6A4A13AD3C64B61B4A05FF9354903,05CAE54BCE593E61B13299CF3B0E867A,0
553,0397E6D2EB9382DC320FDA29E84F1B99,1E7AAE12999AD918C71874BAE73FFE5F,0
491,0397E6D2EB9382DC320FDA29E84F1B99,0C746267ABA830AEAACDD7CA3864F065,0
2962,7FE79B8F9C81B6383B6F687091144751,3C0F078942A179494172CA3B5782B33A,0
2329,8740737B442B5650074E7983A5B7E346,600770EA26C57C82E5441A8A9F05DB50,0
2195,CC2F9E708BFE15ED8D8D0FCFFAAA9544,EFFE9D5C74A78CC1BC845DF6A4AF54C3,0
3064,13ABDAF2EC32E280147ADFD0E0D18E6D,930545BB5977C7C732965A3FC416DCE0,0
657,0397E6D2EB9382DC320FDA29E84F1B99,3F00B774A32F96BFDB889441AF34CC0D,0
2374,8740737B442B5650074E7983A5B7E346,94374A9A0940240F0266CFE69C68BEE2,0
2225,8740737B442B5650074E7983A5B7E346,0A2DE0504284E75D61D60574313751B3,0
4264,8F42712998B2B3478CECE7F563745217,FC368C8573BA8D52B1AF67F3A5605BBE,0
1170,0397E6D2EB9382DC320FDA29E84F1B99,D53C91A846805CF15E8C1876D306B2AB,0
132,E1EC2B2818B39D2C17A5E9125FBE7E77,4EFD6B1448471283B5CA4C760D1B2A87,0
471,0397E6D2EB9382DC320FDA29E84F1B99,071A35FB3E88753314F9CEAB7DA963EA,0
3225,7F8377734B99A3C3367C87C46C383EE5,9B64C7EBC46BDC13C29309553009C3E2,0
1405,DCEF6C06DDE77C2DBE7F0BE99B95120A,512831B9D0CFFCA3D40CA76FD6747FFB,0
2876,AFF5DE6974408DF24B3D4163D85C1590,1CCF3816A70BF2B8A566D63E5F74B148,0
4504,E2854B626EDB8EF85B19D54CBF806C8B,D71A1B4CD3E33ED704399C8E60E3AF89,0
4692,5A1D7FC2B181CB5E247AC9728F0DE653,5F90874E556E8145FD47463B87160475,0
2826,B5F3828751F9C226B3D66AF5041F63AA,B441ADBDF0A26753693D38436B5D36F1,0
287,B750B9F07B7C364B5321C9D80279B137,855CC99301AC273382A3F17B706DF255,0
1869,2156982AF224E9BBFCE260B0D1145C2B,4225BFBF93E125C0F8309FAFB73748F0,0
3114,576484C3D563C49FB74B0989E8F300CC,48CCCAC9F34EB4400FE801EAF6D131BA,0
3625,B0E5E17BD2FDE967F662E10FD56A3A3C,959BC0D84FDA24E16CD328838BA4951D,0
2312,8740737B442B5650074E7983A5B7E346,514ECCAC86515DA78CC02A3E11A4F9CF,0
4923,3D002B29FF39B243AF71634C0A78376A,FBC157F953461A685E5ECAF4F4234EB4,0
1618,75789966E9A2B833B566E5DD1163EA22,2A38D5EA5062936712353D0550952CDE,0
994,0397E6D2EB9382DC320FDA29E84F1B99,A49ACA5E3B6D6A76C6493943609298CE,0
1803,9B491CA7054DA5E35A63098DD131ABA4,B29B6297591B90FB35D03C329ED5C11C,0
2642,29AF84E3E5ECAAAE069A25666D9B4CB5,DF8A896550DC2C5A38AEC2DED2B702F2,0
4802,9753B9146567C0FEEF02D2116243AFF1,58B3E1F07C0ED80DFD5854FE6FE5C292,0
3535,82C9BE1B8A793F9B77E817E2D883EA46,F4DD1CD43EDDE879F7F7EEF9BF94F58D,0
4831,FC7B8127F63FD5BEDECD9B0030353A13,766DDF699442E56E24B61EB27041A13E,0
3911,D6169DDFE3F4D584AD6673A8D9AD7007,AB26288B9C2EB68CF9E0FAECCAB31626,0
2107,75B780B18D661B6201F5680B67AF8543,AE9E3FBED6E1282251BAFE318AB8BC92,0
3044,053A698471A53911D3953667ED256FF9,1DE7BD96A7EE4675EB9F0B6C1BE41825,0
416,0150620EF457986E1DEE422F927800FE,1048E3C6F4F100D78534BF4256EC6B7D,0
977,0397E6D2EB9382DC320FDA29E84F1B99,A1D2BBD2E255EC85B9C5AE5D650EDE3A,0
2417,8740737B442B5650074E7983A5B7E346,AF16EBFE8106DB9ECCA222AFFB3A7E98,0
505,0397E6D2EB9382DC320FDA29E84F1B99,0FBCDF71E8C4F54B6C4D58150A17FF54,0
4152,8F42712998B2B3478CECE7F563745217,2A1AB58FC2CD9210EC4B07B4E77462A2,0
4255,8F42712998B2B3478CECE7F563745217,F123C5EE4186360656705BEB6E56603C,0
3941,2D13FDB94AE10D569CC5474030B3A502,30EDC437B1152EAC3F30A59D57FEAB11,0
414,A4BC22FA1EBE8D6B579A3D4FA47ECA0B,F1B69A1C3108A5BD84461875E1A9A564,0
4148,8F42712998B2B3478CECE7F563745217,232F73ABB29A180A4660FC4621B000B3,0
1183,0397E6D2EB9382DC320FDA29E84F1B99,D99A430D966DE6BCAADAC832239EE523,0
485,0397E6D2EB9382DC320FDA29E84F1B99,0B2C0C269A0D7FF3FEBB0059214AC873,0
893,0397E6D2EB9382DC320FDA29E84F1B99,881F4DFA0D717ABCE75B2DC79FE6EE47,0
805,0397E6D2EB9382DC320FDA29E84F1B99,68F9660DB5274664C3E80F6E27B9EE78,0
555,0397E6D2EB9382DC320FDA29E84F1B99,1ECC04D2F45E1C44F3133969FB447209,0
3825,17F2AC4A2225AB7C150D02320018F8AD,42B687EE83A54C892688A3890C1934B2,1
1197,0397E6D2EB9382DC320FDA29E84F1B99,DDE36421EC74B1BE52B50BC18C7D2306,0
4253,8F42712998B2B3478CECE7F563745217,EB7087D8B5432D4BF21FFDAAA4B3B87E,0
4058,64A9F11024E2116EBD849E3165927C7C,31EE55BB571E81FF997069A17942B24F,0
1293,0397E6D2EB9382DC320FDA29E84F1B99,F8BD89F62803ACB9D89EE547CB2571C2,0
2221,8740737B442B5650074E7983A5B7E346,05770719A6D863B652064541227EABA5,0
3504,7BB5EB3B0A83080646CA7F119DDB057D,94C3C1DE1E8FEAA1AFF166E2D90BBB1E,0
3654,B1DECD05F7CBFB710C886DCBDC7ACDD3,2B13C348022E56D8807CC5141BCC979D,0
4758,16BECCB17891A18FA56F187C90BF96D0,A28FA491523BDA54B8C7CD776436A48C,0
3006,312406A0DE0062ED272DB83D37871037,89CCD4A63611696390D11615B5662CF5,0
2093,181550284AEBF88050913D63E33936AF,FE198710DAAB33C02E1D555A4806BB19,0
2187,D14DC6AE9A7F3D1E8650C989296DC377,174EECE66F9FA17E502F88DED138CD65,1
3036,312406A0DE0062ED272DB83D37871037,FDC86FD0B817D77D062021CCC46CA6E3,0
3918,22B8806BDAAA39153E818B600F173AE4,749BD6FF37877DA78505498839043566,0
1272,0397E6D2EB9382DC320FDA29E84F1B99,F45646D45F133E70E89C2C1233C488E1,0
290,B750B9F07B7C364B5321C9D80279B137,85C267E1D25AEBA2E40A2A193E4BF8D0,0
4827,FC7B8127F63FD5BEDECD9B0030353A13,51F91BD23E5AF48217F2E0A805F221CE,0
252,BEFF0E25B34B2F65F1D070BFF287E0EA,5D1304AE318A6AB24DEAFEF288505229,0
3245,3E996AB1656D34677172B59594F19EB1,DF93B6A7391EE6F0BF8A183E9F6152AD,0
350,64153475F8549F693DC486E8E200F329,3E1FFA640CEFAF91C19297A07CFB291D,0
1187,0397E6D2EB9382DC320FDA29E84F1B99,DA7218E5EC8F7F8247BBA1C6C46AB1F3,0
1961,A7D567229CD747F9DE9205AFF762DB24,DBB8BF63891FE9D8E880A3380E8EE956,0
422,0150620EF457986E1DEE422F927800FE,56850B35358D2D80FCE86007F10B90AE,0
90,873FBA2FD3A09BF98CC6D0EB84C0E2B2,45BD806DD458963F76077A1E5D9F340E,0
3729,F4853264AA7705AE432666FCBCE89CA0,01CA4E748C17CE0EC4233EAB3DFCE5FF,0
2236,8740737B442B5650074E7983A5B7E346,130103A9392380001DD9A34D4C673E9F,0
670,0397E6D2EB9382DC320FDA29E84F1B99,414B180F532598C2BC24A0B9722DDCF7,0
3040,4FC0CD8BE089A3D542A27EE1E2E7CB83,A0E6A20B5ABE1DE16FB8D5779BBE624C,0
26,486757C39BF7CF6016CCDC5C1919FF8B,9C6841B85A13876E252EBFA627274205,0
429,0150620EF457986E1DEE422F927800FE,A8BB2C43DECC27082A19AB2D1D3F25E6,0
683,0397E6D2EB9382DC320FDA29E84F1B99,442E7EC2F1D1286900934DF3B4B40598,0
4463,56895EECE757162FD42D6FDA8F5395B0,C0BE3FE566442BB94DC869D6E0142863,0
3945,2D13FDB94AE10D569CC5474030B3A502,4D1B44DD41236F669C9D74BB8F88E6F0,0
3523,350824DC8B8B62812AD2BFD6581DDBC1,8B4F783C3A427D878827AD700437F91B,0
1541,DCEF6C06DDE77C2DBE7F0BE99B95120A,C42C957E069BD2630D5963A1309864C6,0
2031,5609625362201C9B294E26D4D5C7F6F6,E43F2C8501B726959AAB95E54D7FD100,0
2232,8740737B442B5650074E7983A5B7E346,0F1F415797B3D6BB723E6BA68889C71B,0
4120,FFBA6F3EE3378160B40842E2E55D713E,C86B36901D830B0BAE49E6C22220A455,0
3235,C3DB789095E3BE110311DE77F16000E5,161280487978B6DC93969D7B64109346,0
254,2FBEC4F80298217EDB0C1EA6901355C4,46CE65980E1FAD559197B04D6E8560E8,0
1029,0397E6D2EB9382DC320FDA29E84F1B99,AE3A98A5A667D0AA5F1D71DDD6EADC15,0
4392,96B16BAA785F4762FB7A34A58F5A274A,1ACEFA48647907C6BAC042C8D6B11E6A,0
3800,E7A44BC96D3B24F075208052E5F94F93,6DEFF6E713655D2971F1EA9F4D5DD0A9,0
4310,0D1B5947941764CEADADADFD4AC47651,C2FDCF05FA5F78297ADCA01D9CCEA29E,0
2509,8740737B442B5650074E7983A5B7E346,F387656FCB9795572407725D52F51CFF,0
2292,8740737B442B5650074E7983A5B7E346,419264DF03E67F69A60D15710EE637D1,0
1323,286AE1E2D3AE97F81990E8FFC3BE944C,B9286936615F036996C65835761F6C8D,0
1550,DCEF6C06DDE77C2DBE7F0BE99B95120A,CF5B19641FC56F2B4C258E7DD0C66138,0
4647,9522F9CA8F0CF777C2BFF0B46399DA41,FBAAC7F5F799FD4EFD6092A139C20CF5,0
315,A1900298ECF0CF7A5830403718A75B79,4AB168B21E8FC4D899D8EE478B9BDD3D,0
1242,0397E6D2EB9382DC320FDA29E84F1B99,EC2BC9DDFF57352974D7CD70C0FB0EA2,0
2450,8740737B442B5650074E7983A5B7E346,C41BC5BAB367BB36DD89A54CF7860F72,0
1578,DCEF6C06DDE77C2DBE7F0BE99B95120A,F2AE85B63B9545A157C5471A25A31EF7,0
4625,473AE1331FC761A0E0D3A9F0E002F601,57E762013AC5D662547841145AB8CCC3,0
3116,576484C3D563C49FB74B0989E8F300CC,52321E91A4504AF7D2F8ED7DDC13D414,0
69,68470D7148500EFAC6B9535F5ACF4E4C,0E5BCA6A77BAA861FD1F1FC9E0F7167C,0
859,0397E6D2EB9382DC320FDA29E84F1B99,7CF79505B6F5EDD84162A744552100A5,0
2753,69843CB43EDB7E24C9942651585325B1,7EF78E66DB272947F58314015BE7A5C4,0
1632,75789966E9A2B833B566E5DD1163EA22,DCA3CB8F4200E68D2A7C8E29B0D6939B,0
1650,D6DA585883E4624E0E6B641FA06E98C6,9E352326F68DE8AA2D82B34CD1193661,0
3860,12F42B6A04C63DFB31FA96641267AA59,92808D393149ABD6B86C038F80A10705,0
3106,576484C3D563C49FB74B0989E8F300CC,36B5710FB0CB61539AF3C8E5143B63DA,0
1074,0397E6D2EB9382DC320FDA29E84F1B99,BBA1A697717B2194DA05E5B284C38255,0
4001,A4DF1ED99C0DB4057307CDCD06220C0C,7323ADE17CC1B1DD9952E23EF2DC137B,0
787,0397E6D2EB9382DC320FDA29E84F1B99,649BAF5FC485DD04D47D25A1C89392A1,0
2605,D14A11E7EB86336782451626F08CB1A0,024BFF45933D3171073C78F1EAB0597A,0
3630,B0E5E17BD2FDE967F662E10FD56A3A3C,E231027A636EFDBAD76603C4B26781CB,0
2121,2A0A6FBE54B50FE6825C2D18FF0F098E,D925223D64E8D23DE38E8097DBB16F79,0
1874,2156982AF224E9BBFCE260B0D1145C2B,6BEAFE5DB0378ABECBF3F5D0CDEBFE77,0
811,0397E6D2EB9382DC320FDA29E84F1B99,6B4C5F5EAC3CE1974B236A25EBAF671A,0
387,64153475F8549F693DC486E8E200F329,C68B9A2603F6D6F3E12D7C11E9819F65,0
2882,AFF5DE6974408DF24B3D4163D85C1590,A8246996831A5A91652F90CC3EECCD53,0
1175,0397E6D2EB9382DC320FDA29E84F1B99,D6CDA39428ECE10CAF680D16F00A74B9,0
3197,079819F96B218ECBFE15D76892E80A19,0C58313581E40E868CC89CF84AFB2F17,0
2623,29AF84E3E5ECAAAE069A25666D9B4CB5,09332C5AB4369A208C6788C44454B6EC,1
1351,DCEF6C06DDE77C2DBE7F0BE99B95120A,1D44BEE7D18DE53BF91D536AE1E7051E,0
410,A4BC22FA1EBE8D6B579A3D4FA47ECA0B,71D925444DF3C7F844EAFCC45BD67747,0
4212,8F42712998B2B3478CECE7F563745217,96B930D2EA4BA6FAAC3C08E9BD3C9D64,0
109,E1EC2B2818B39D2C17A5E9125FBE7E77,0DD7DACF0F7B49F245DD0233FC0641A7,0
4995,4402F53FE8A1321AAFE083AF402F4357,F44EFC06BC257C5B3EFBA8EE13B8EADD,0
3429,1499902C1B389A87E96E6AC204535819,E0B681D22D8D0AE79C49A21CF0D0D988,0
2809,38498D5F6C5899CE113240044A3D4F58,1187FA4B3B9245323E059ADCEBFC81EF,0
2594,E4154938E6B3A6568E36D016C131F134,EE3F79D0DB1583F489DD60208019BF94,0
2836,59C386395E9ECC317CF1C826429708B5,16B04A56B28E3BF0D4CB6F20795A3571,0
2372,8740737B442B5650074E7983A5B7E346,93DD3B68726C0B42139F7342AC849A51,0
1235,0397E6D2EB9382DC320FDA29E84F1B99,EA8A6266D66FEA7FACD0E192F2220270,0
2146,6FC60FDB5127C41BDB152A214A8ABDDD,41EDCCC70294335BDF516B4A6645AE92,0
4975,74FFF14A01FE0856A06F80152557E632,FF5CBB2D8DBBDE301AD8822E88A33E08,0
599,0397E6D2EB9382DC320FDA29E84F1B99,2D695D108D0D918DEC13676A62D97FFC,0
1434,DCEF6C06DDE77C2DBE7F0BE99B95120A,69ED8889CE05A5D6A36043B3740562D1,0
4996,930A87A198DDD42CB5BEEE76FF645B45,5BF53419C741A343A38522874EC1C378,0
538,0397E6D2EB9382DC320FDA29E84F1B99,195265235993FA40EC1B4CA09FCE07E7,0
721,0397E6D2EB9382DC320FDA29E84F1B99,51D813E51C981CB3A7B8D8A7DB6B2E80,0
4410,96B16BAA785F4762FB7A34A58F5A274A,8348263143C8E01B2D20F02AB76C35A7,0
1872,2156982AF224E9BBFCE260B0D1145C2B,64A45D9081E8A84103B76BE716073B34,0
2845,F334610DA06977469D37D633DA7BD4F9,3C08546E411D8D95A57548ECC2F04FFA,0
2053,CB53B44FB6FAC79F04E8661CAD1A7C1E,353FE53DD94F866057CEB498082DE7C2,0
2907,F9DE423DAABC645F945F4D679A92D669,41DA65AD156CE3CA9CA4BCDEFD349F8A,0
2254,8740737B442B5650074E7983A5B7E346,20CC82CF42890804ACA34D91F1E99E27,0
3912,6477B9ADE0DE2576CEA9750D8D6EB4EC,80F76395EB510BD30B87D4269FDDEAFD,0
177,50C6FC9303046A3A8C6E180A1634DE3C,4509A3BDC7E0E775F9D8A817AFA9F72D,0
2890,5D32021EC75394A03356E611BB63CBD3,BB11CF32FFF49406CE00D8E83CCD6C9D,0
3673,D26C417F886F6E5F41BCD9EFFBBFA5B0,3A9D944712EF1E4DF783A093EAFBA48A,0
80,68470D7148500EFAC6B9535F5ACF4E4C,88D1DA7307AD4566320462602D49A559,0
2561,E4154938E6B3A6568E36D016C131F134,521217F717CB3BC4EE55C7A5D005843D,0
1723,E48E2A81138D37E7337385D8B9C19238,DC0D19CBB186B3C528B9532B51ADAD32,0
1617,75789966E9A2B833B566E5DD1163EA22,00EB92E0A13C494AE18C853C56339490,0
1654,AC7FFE75E557F157B3CDF4120CB5EE1F,064E61078B428A21DF6099C2E7220926,0
2328,8740737B442B5650074E7983A5B7E346,5FA7AB19E398A6C5CBA756D549CA9760,0
4613,5C7E1BE3EDB5CB1D94179AE663C066CF,15177E68F6F41269B161DA0F95FB7B4D,0
221,6154187E6F09E01E4935CB034108E65F,300FBDD0C527682542A39E8EF4E44BEB,0
93,873FBA2FD3A09BF98CC6D0EB84C0E2B2,828B76D004A6BCF8DF02EEC06BB01E74,0
2609,D14A11E7EB86336782451626F08CB1A0,7C90C77CD33AB0B18F683360D603A89B,0
3382,1499902C1B389A87E96E6AC204535819,2DDB54DAE174B9614A95804BDFCC9F79,0
4415,96B16BAA785F4762FB7A34A58F5A274A,9F148EF853B10146BFF0C6B24D00759A,0
1397,DCEF6C06DDE77C2DBE7F0BE99B95120A,44549598E081062C1140DFCCB4DC6461,0
4686,B9F0FC7AB8CAE5309E98AA25F77EEE50,CBE64612E4486DDC52398B4EF823E8C2,0
1292,0397E6D2EB9382DC320FDA29E84F1B99,F83B8D9CD27CBE565E83EE2F2249F91F,0
2164,00F23FACF2C4F78E32E86C0E60971078,CC9AAACEEC69EAC26ED1FE87409C4440,0
2939,C8C47D4E8FA8CF8A941668C51233E130,8B5879EA7656725DE0C6416A35CD3E0B,0
3668,E5B6F2A9FC6FB90173B34725917AAE4D,160BE3451287257F2438E61081A4E55A,0
812,0397E6D2EB9382DC320FDA29E84F1B99,6B7E4B24D970DC8EC7B3D71167BF6E48,0
1258,0397E6D2EB9382DC320FDA29E84F1B99,F18F27AF158BA1C4BFC1F67122CD3B91,0
889,0397E6D2EB9382DC320FDA29E84F1B99,85AEEBA0F61C70FFBCC8BC5958914A29,0
1451,DCEF6C06DDE77C2DBE7F0BE99B95120A,746BCFA8512B2E918B92419DA14AC0D3,0
3316,7AEE830A4D509A11443B9199B1B2B310,B901593B38A18644E89D132E8E6A0350,0
2559,E4154938E6B3A6568E36D016C131F134,46D68562EE36DB22FB0512F17572325C,0
3574,3508F28458D4BE4553E394488CF7070D,228D4154E69F40E2E0B7829338A7F15E,0
2680,C554C83B4937CE95544CC32328F3AEE4,2E50133C8AF3571E2558A4B96D24B905,0
4651,1D542747877CC49418F32E9648E59E21,222212CC67E21A3088A7EBB803D7ADD9,0
4811,BE8A503B63D24FD78F281840A372541E,BDEF5D2D6AF7388275D95ADA4292C9F7,0
4679,B9F0FC7AB8CAE5309E98AA25F77EEE50,96A14E3A5BFEFB9A78F3EB7EF5B05058,0
2964,7FE79B8F9C81B6383B6F687091144751,671CC2368CE6D3C87530B73F4D47ED05,0
2672,20F2C93B4BB87EC3F927820E85186292,5B690D45A6A97E4C5BCA62B0E78AAF05,0
561,0397E6D2EB9382DC320FDA29E84F1B99,206F703BAA7ADA87FC9359829D698F6B,0
2778,3C69BE77B69F15A5D2C8438A5F7D81CB,3D43A90E3420EF2AC58FBBC8EC73B79B,0
2948,C8C47D4E8FA8CF8A941668C51233E130,FBA03AEACF9CEBB14B21C77CCBBA864E,0
2817,8C28E1B0F608BAAAAB54F8F04C2A5B2D,E2DACC7C852E2A493D0058481B7097A3,0
2758,69843CB43EDB7E24C9942651585325B1,9B7624E84B3E1E0144A9D390EC21A63A,0
1756,BEA80D78429B06C43713F0870AD1D04A,516AAC082AA9A0FEA0CE0ED96B3A430D,0
724,0397E6D2EB9382DC320FDA29E84F1B99,5313093C67246395362F45A10CB9BA12,0
219,A8AC72AD1B865DD430512FBDE6E2FA4B,F3BF5CBF47B8136F3785BF4A7000ACB9,1
4139,8F42712998B2B3478CECE7F563745217,191B31D4B82247439FD510B228916139,0
3957,2D13FDB94AE10D569CC5474030B3A502,6DCB0A9809080110748E4AB713B2B48C,0
1588,DCEF6C06DDE77C2DBE7F0BE99B95120A,FC2F3972352392A50CAC75852C79FA2F,0
3347,5D9A1FBBF6D99710BAA5987943E39EDD,DB42C3D1AE97BA52F247D0F79CE4676B,0
3970,2D13FDB94AE10D569CC5474030B3A502,A1AD4AC33D6253A40B170E4AB696EB71,1
4707,31CAFFE0911CFD1AFDE1197FDB82BDBD,ED82DFE5FC0D2D6B35259373488E5911,0
43,04B7C7744E1A531EED5C2ECFAC311F58,A16A927B72912BE11BB12B9892C8EA6F,0
3001,312406A0DE0062ED272DB83D37871037,7725F0ECE1D6E5C358FBA246BD5D3B25,0
210,A8AC72AD1B865DD430512FBDE6E2FA4B,B2C5E71DFC1641EA5257244BD42A005E,0
677,0397E6D2EB9382DC320FDA29E84F1B99,423EF8C9EA53F2A924986F8D36A27B2A,0
354,64153475F8549F693DC486E8E200F329,4CCF95F0DCACBD710900CE70FC4193E3,0
1433,DCEF6C06DDE77C2DBE7F0BE99B95120A,69D755A11A1F66A0A0C31C2047F5CAAB,0
949,0397E6D2EB9382DC320FDA29E84F1B99,9AB1D41538F27615E524145048E8D4D2,0
2843,59C386395E9ECC317CF1C826429708B5,C5BF0751CE0D6203DE578BE96562E20C,0
577,0397E6D2EB9382DC320FDA29E84F1B99,26B1AA283A565E57A540FF3ADCB10621,0
3928,37041BB084DB114AC22A954DCDD00712,A2D526C336489E1FD70B6ED724173D04,0
544,0397E6D2EB9382DC320FDA29E84F1B99,1AEB20C39DD3DF726050C908E6F4A5F4,0
367,64153475F8549F693DC486E8E200F329,82420753BE58F89240C65076F9FE828D,0
1612,0BBA0136028879848F52E646DD01F8C7,F99CAB1C65C31CA11A0B03D50D4B385E,0
3550,35E377818B102E79FAD0CC447573C8F0,D05FA2D3EE3688D8D9AC55C1882B37C2,0
3716,3CEFFC3BF7F3C66E37FE6E17585A8DC8,20BCEF49142CD8819553A0408CED5E16,0
3779,4AB4020021D3C90E9E39F99EE99DED38,B501E2C34A7108C87227126119EC33DF,0
135,E1EC2B2818B39D2C17A5E9125FBE7E77,583D3DA0379BDD1683DD7A138B3D23A0,0
4480,E2854B626EDB8EF85B19D54CBF806C8B,6B2620FA4396C14794BF10CC9B87CC4F,0
1437,DCEF6C06DDE77C2DBE7F0BE99B95120A,6A8DE761B5B71B8D3FDF386BB2DE49D2,0
47,3215CCE0D8B070F3600BE9F84728BD14,3FE8AE189AD2BC9C5F9B20723354D754,0
1360,DCEF6C06DDE77C2DBE7F0BE99B95120A,2284A3F835F7156B2F432B82D8963D27,1
734,0397E6D2EB9382DC320FDA29E84F1B99,550BAFBC9B7918A56F76B207DC23E0B9,0
1534,DCEF6C06DDE77C2DBE7F0BE99B95120A,BB53DB2D36C5882563839FEDD3F92E2C,0
2004,C1AF07CB1636C863950531A3624D0F54,5A2A1C0DEE9B8A0739AC7C7DB827BE1A,1
3795,6DCD09C028389E12089632B447D700D7,A0D6815441A3827EA73EB4ED3C581EFF,0
2519,8740737B442B5650074E7983A5B7E346,FCEB92BC24E58DBF345FA9CC10DBA232,0
1972,FB24111B1AD56B7C74725A1520D6232E,E919346075C8051E0DB4E49401A31CA5,0
996,0397E6D2EB9382DC320FDA29E84F1B99,A4B252BD971BDCB80716F7E1B69D8DF6,0
61,E4053CF8A9B94EEB28C7A93ED26A0F5E,5F9F7614216D55D23A5EA36A8B0690BA,0
1108,0397E6D2EB9382DC320FDA29E84F1B99,C45E9DB52410018F38DD3ECE63FF8AFB,0
2405,8740737B442B5650074E7983A5B7E346,A80B8B4E3010F0EE26F13E7C6D99883A,0
95,D5ED9443C157B85F11001A0A2B6E3CC1,E2841D8D9B909D5FAF115D322662A36D,0
478,0397E6D2EB9382DC320FDA29E84F1B99,07754D90068AC96713566A0DA2CA5475,0
4359,2E0CAF347FD5F224B7D4775B290B4DA0,67DB2CC140B8BCB10BEE839DE365E6F9,0
4112,54C78CA7874763C278329939338847A8,052EA96AF87AC7075A2AC95D3DFC264F,0
3707,3DBB4B9C17E54EF8FEE2B16CF6B8A4A8,7C242FB27CC47F4E52DC60176A8EC224,0
1101,0397E6D2EB9382DC320FDA29E84F1B99,C1AA5D1CF66B9881B954DF86317B6B42,0
2746,69843CB43EDB7E24C9942651585325B1,63102BE3D89A28ACD3B4987A814FB2CB,0
2170,F99D81205B19BEC8C803B56BDB4E5E47,98530B9DB6E53331A655CC21EA094835,0
322,A1900298ECF0CF7A5830403718A75B79,E62EC9F72F0F094AE8D9E905402578E7,0
4254,8F42712998B2B3478CECE7F563745217,F0553CE270AED6E99A7433257F249620,0
3142,576484C3D563C49FB74B0989E8F300CC,95EF2AEC0E77B8FD10E1EBAD62E86694,0
3537,D196D5006468C7451F28DCE9E3A1DACC,2D3CF6155DADD5FCC3C06DF297D4C9D9,0
4925,777EDCF3ED9C94864137FB9491933F3C,ED1ED4EB637ED3B0199B6A8BA1BECC74,0
2924,C8C47D4E8FA8CF8A941668C51233E130,29D28EA614B1E622BFF9B884617A75AB,0
1149,0397E6D2EB9382DC320FDA29E84F1B99,CFE95F93DE38A972F60CEBDFC586BB8C,0
3617,B0E5E17BD2FDE967F662E10FD56A3A3C,1EB4B2F83F3582822D0F0E442B8A8B61,0
291,B750B9F07B7C364B5321C9D80279B137,9C2E064DC5400F6FE0B5DFF6DB8FCCBB,0
3749,C4A1DD02BA91EDE871C7FC6218786632,266C135246046123276D2EB35DC7D100,0
3586,3508F28458D4BE4553E394488CF7070D,7029FEB5EF52E0B3152A0FF2DC6E1B61,0
533,0397E6D2EB9382DC320FDA29E84F1B99,18AD614D393C0C8EFF2EB51767564AB3,0
3607,798C2CCEAEED15623DC1EA67CBF1157A,33C8319A48A48AFC562896E0E4F657BC,0
2648,E607F49659A3B296849EF551939124D6,9987D7AA1582CE94BEFE793CE1AEEF35,0
4810,BE8A503B63D24FD78F281840A372541E,8A763EC0556DA9D61CE0C3765768C63C,0
1983,C1AF07CB1636C863950531A3624D0F54,121C7301F68F1DBF0B060FBAAFFE1054,0
2932,C8C47D4E8FA8CF8A941668C51233E130,6F457C41F7DBA0E117E3B6F748A248A4,0
1536,DCEF6C06DDE77C2DBE7F0BE99B95120A,BBF931B7E786715E485BFAB713958986,0
4534,9122006F92EF5BAE00818CB370D0BD01,C9A879A3562254FCD03E774D9FFA5436,1
4172,8F42712998B2B3478CECE7F563745217,50C56B92158698521A50CBF728E9B72A,0
3360,7AF23716BF6D664EE0E8C09A9581FD90,47F46B8DDF4B567A7FAA662340795D81,0
3665,AAEF020AA8DFFB8B978CF2D8DFC4360C,B49E74A09ACC6F06D9FCCE3CCEF62B75,1
4005,4F8AE000C9E22361EDFBD73924F24587,93967CDA74503BF59E69DD951D384769,0
3626,B0E5E17BD2FDE967F662E10FD56A3A3C,9ABE481994649E45742C2FF1AD9FF09C,0
586,0397E6D2EB9382DC320FDA29E84F1B99,29D211645D26F8AE0F87B0BE7BDC9F33,0
3256,627D0A4975759738CD11349742A6F2B9,2AC354B70EB5FFBBC5213F02FA8F9EC2,0
2298,8740737B442B5650074E7983A5B7E346,467ED914AB8B45322988AB27313ACF83,0
3988,2D13FDB94AE10D569CC5474030B3A502,DBF4A408BA7FB5F93C443436518C8279,0
584,0397E6D2EB9382DC320FDA29E84F1B99,297BBE61A1FE8D6EABED0C17B864062F,0
2423,8740737B442B5650074E7983A5B7E346,B37B97BF3A118C978FA32F5C02CAFFDB,0
1391,DCEF6C06DDE77C2DBE7F0BE99B95120A,3B6448A9B1F8A8F7D75850AE74BEC033,0
4525,9122006F92EF5BAE00818CB370D0BD01,611942A395B7FF662CED596C6F076852,0
4920,3D002B29FF39B243AF71634C0A78376A,C86AF4753DC1F654550431C86EB4D090,0
4800,899F6631C573579D0906E7C928910AB0,484F721B913722A5F0A96FEBDB6BBC1D,0
3240,C3DB789095E3BE110311DE77F16000E5,4FD12033A12270CCE52D95B70ED7C587,0
4281,71996168F4114E2B3E7A1B81C664BFD6,D98B11C26E7B39AFE76B17C9D802149B,0
3338,2BF892FE67007E293EAB48C1EE6E7FC1,95C0B78405E11626AA849A1622B2D253,0
3220,401F781CA164897BE1DB855F281091F8,717943E638ADE13193F8424A1F73FF2A,0
2111,75B780B18D661B6201F5680B67AF8543,F8B0D9D0B53D81C87BC97976251C26DD,0
1174,0397E6D2EB9382DC320FDA29E84F1B99,D65D215E0F899B07F2BE06890B497F27,0
4862,FD298DAE426117B656DF7B49703AAE49,960A16A71F5E2556A3B182F203962DED,0
3811,99D2C22C01ECD1E33873495B71D946C2,5A12324149CDF70434AB0968B919F995,0
1867,2156982AF224E9BBFCE260B0D1145C2B,3C7E5CFF158E5BCFD1B43D5844E44202,0
2614,557143530998C0857E588B681334E1DF,B3A84BD418992A0C235A73C57741B2C3,0
3866,3DC64B4B2600863CFDF77EC151A82755,92F94C8DFF2BA13CF7B902BAD0383ACF,0
4885,9B4D075FFA9C9494CAC0AD20D9D4A548,4944365FFE7F6A0A6495C1F1F671319D,0
3778,4AB4020021D3C90E9E39F99EE99DED38,A49E1A87A7F5D5E0420F945CAD1187F1,0
3846,494B06A1B363BACA10CB413DA5CF6F4C,71B0441D532A3287F52A8A63DDC9F287,0
2416,8740737B442B5650074E7983A5B7E346,AE848D5D7E8345D626F72CAFAA150FBC,0
70,68470D7148500EFAC6B9535F5ACF4E4C,14EC11AE6BCF702A3DFA02F1E75CE30F,0
4880,A55711E4479002C43502CDC014B4E4BA,5557E819E342CB3047832A39C3AC22C3,0
1126,0397E6D2EB9382DC320FDA29E84F1B99,CA2316142AE985FEB756338D9750B9F8,0
4024,73C8BFC1C6B8708D139FC7ED94F96053,16463232D6B4776018036DE51E1DEB93,0
3250,25C78A3076B5D1CA0C027F0A192C811B,DC2BD558787709AFEE3702362BCD73A2,0
3901,230C75A045BF2A6751473B09799770E2,89EB5FD13A239A0BB440F7ECC0B8F777,0
1095,0397E6D2EB9382DC320FDA29E84F1B99,C050059F1F781A1A49D0F96E06DE514C,0
4545,860E97537861B66591DB91F396C2C62B,4B695247066BEC86CC28FCAB0ADD809B,0
1212,0397E6D2EB9382DC320FDA29E84F1B99,E2AD23B47067DDC2DB3DD15B930689A2,0
3921,22B8806BDAAA39153E818B600F173AE4,D26A2DBAA06827E3ED30D2EF7AF08B3D,0
1425,DCEF6C06DDE77C2DBE7F0BE99B95120A,5F96E728F6200B58C416F11433FD6BB7,0
3066,13ABDAF2EC32E280147ADFD0E0D18E6D,D9EABD849479E6B1281E688A56409115,0
4519,9122006F92EF5BAE00818CB370D0BD01,19A525E963D5CFE9428E7106EA9B2C7F,0
2100,75B780B18D661B6201F5680B67AF8543,279788D222C610912DE9A2EB3B871DAA,0
807,0397E6D2EB9382DC320FDA29E84F1B99,697DA637CBAA1268E3B30EBF160E498E,0
4743,27D1DC8C27BA779E4D4C1CFC4B4491AF,5C65A6A9888BAE042F098DDC6C1E3635,0
3750,C4A1DD02BA91EDE871C7FC6218786632,2866F53E56FFCB743FB6FE0361014792,1
1362,DCEF6C06DDE77C2DBE7F0BE99B95120A,22ED69B9EA9D5B173C3BE4244B21D821,0
2317,8740737B442B5650074E7983A5B7E346,56353D18F6F09F3B64A5EF72D2C8BBA0,0
4581,E41604560C3F195BD8AF74A237B181CB,8F73222203FDA751104649757DAE6A1B,0
4741,27D1DC8C27BA779E4D4C1CFC4B4491AF,2824DC8840F376C264B73C198EC2914B,0
1025,0397E6D2EB9382DC320FDA29E84F1B99,AD1927AD1B7861D41C7083D3933A62A0,0
3109,576484C3D563C49FB74B0989E8F300CC,38F25B233652CFC51634AFBECBC995B2,0
2110,75B780B18D661B6201F5680B67AF8543,F6A3954B75CBA8A90713F40004ABB35C,0
1041,0397E6D2EB9382DC320FDA29E84F1B99,B261569232B75039A1CAA38C2360382B,0
1876,2156982AF224E9BBFCE260B0D1145C2B,7F7A2657BAD04887F60AFA54E6FC2041,0
881,0397E6D2EB9382DC320FDA29E84F1B99,831841ED2AC0EEFFAA474FDA840D52FB,0
4299,8D2F2EEE18F17DF29C3C6F9EFC7A619B,795B39CEE9D7FE9885E6E6E06F464192,0
1192,0397E6D2EB9382DC320FDA29E84F1B99,DBD81118DE6D39F57CCAB004571CC292,0
4587,0A1B05C6A279E7DC396BDFA9381F4EAA,3632F5C06340C40F5E250021B7DDED85,0
4510,E2854B626EDB8EF85B19D54CBF806C8B,DBFE6E832E4653DB6CAAAF02A4CC6C31,0
3670,6A1C4EE4108877F6BCD87D5BD2D8AF26,30910C17177D050B6E62F64A1D3CBEEF,0
624,0397E6D2EB9382DC320FDA29E84F1B99,350EAABE027621872962089CD5C0A09C,0
2796,C076FF7AA7FE36DEA6C7E9D1F6A3B25C,3E370F6D24ABD8286A0CBE9B842F040F,0
4291,ACE67116134DABB3E3F9E0833D2D5A4D,55728403F6C7CAB8A3D39445541DE5D3,0
4968,7AE1526F39197087B651CA7A84ECC70E,D3B83E43C6E34A4B0F28FB3F19A6C084,0
233,931CCF6D553A29996BEAC0A71C99AA30,5D8EA5B8056259873117C9377885A8B0,0
4566,E0223FA4EA5E52E6FCD63B8D269392F2,8615F41781C76269ED5AA79F45CBA322,0
1662,8B5C4313D10F9AE9645797A7B223F179,1E17B072630F0BBD933EEF3669B3C325,0
415,0150620EF457986E1DEE422F927800FE,05CDF85F45D64F780E85EDB2ADE92D10,0
4246,8F42712998B2B3478CECE7F563745217,E32560060B15F8A796DA8C5C284D1E0A,0
2173,31D0BAB829C3EBB7C6DF422ACE07173D,64B38E150E8EFD20E80A3FC56C624CA7,0
1456,DCEF6C06DDE77C2DBE7F0BE99B95120A,79303FEBFDF137FD1C72055121485C92,0
746,0397E6D2EB9382DC320FDA29E84F1B99,580A59E7F5EDBCB71B472E365A94C9DA,0
17,4684A5B2EC909E7D94267A7AB582AA0C,167007C5E96D3CE2D1C3432873156026,1
1200,0397E6D2EB9382DC320FDA29E84F1B99,DE98B1564EAFD3FF8A6093C423DB748A,0
1699,FA829EA9A9BF54D236B2F442AA146EBB,4AB3DABA211B7184131C16077F1EC89F,0
3253,289DB2B4EBAD0BD7C56102979EAC8787,C83BE01632712EB8EEF8CE8444608922,0
596,0397E6D2EB9382DC320FDA29E84F1B99,2C9429E965DBDEE4636FC13EAE6E37FF,0
3226,7F8377734B99A3C3367C87C46C383EE5,9F91C1EBF345620036E4F33FEC054EFD,0
4405,96B16BAA785F4762FB7A34A58F5A274A,581024E8213FBC8EE5E9C646713F54EF,0
4719,C0DDBEFF20F0CB2A85BF6BC975FC0E76,A34074B592D825A8E2E374E745AA523D,0
1505,DCEF6C06DDE77C2DBE7F0BE99B95120A,9C6841B85A13876E252EBFA627274205,0
1412,DCEF6C06DDE77C2DBE7F0BE99B95120A,5585ACBD92A4E0C00F6359B675410812,0
1965,B0932A629C07E5A5436B0F5175ABF228,16DE88D2103DB94A389D019C9FD495DD,0
371,64153475F8549F693DC486E8E200F329,8E7031524DFD6655DA0568FE5CF65391,0
1340,DCEF6C06DDE77C2DBE7F0BE99B95120A,0F585C3BD2B8D31B21424CE5652678E3,0
598,0397E6D2EB9382DC320FDA29E84F1B99,2D4A5C0604EAAB1A7B41D6F6F62D905F,0
238,3FBCA57C33B7CC5CCBEC594833C7F23B,4A2A7E928107EB9B1F611290E40027BC,0
3400,1499902C1B389A87E96E6AC204535819,76B52931938463B9E8EF43BF2245740F,0
2067,CB53B44FB6FAC79F04E8661CAD1A7C1E,9DD840DDAC0BA18FF9E65C7726B547D7,0
810,0397E6D2EB9382DC320FDA29E84F1B99,6A7EB9859986C34CE956B92022A85F9D,0
1094,0397E6D2EB9382DC320FDA29E84F1B99,C0491BBE16F59390D79A2132AC14406B,0
4324,363A8710C362270999836E6D52099EC9,2902252184A3516C06A88C1E9542D20A,0
4760,C1D4B4F1E5CF2FDBCB2EE62D25FF485B,417A27F930BEBE8AE5AC655A9EC933DD,0
3676,D26C417F886F6E5F41BCD9EFFBBFA5B0,4AD9DEB969A9878282F9F4D06AF52642,0
3464,4F3B0BD2F19BAA67634F2E391F2863B0,502DE08EB04843379522B4F70CE494FD,0
3103,576484C3D563C49FB74B0989E8F300CC,3017F481155F30322CCD2A69F97D3767,0
2749,69843CB43EDB7E24C9942651585325B1,7125BE737CFF54DA064EDF0FE794FF5B,0
2295,8740737B442B5650074E7983A5B7E346,4354D0BA168C5093262E096960076304,0
4192,8F42712998B2B3478CECE7F563745217,6B31F0A7FB6F5BA0B453DC004780D4B4,0
3708,3DBB4B9C17E54EF8FEE2B16CF6B8A4A8,982DCCBF0C7069E4E5111E592CD11593,0
3018,312406A0DE0062ED272DB83D37871037,B6EDD44CE6DE771038E844D47E16FC12,0
4252,8F42712998B2B3478CECE7F563745217,EAEDED1DD9290AB02A2352A7C3D5CDE5,0
803,0397E6D2EB9382DC320FDA29E84F1B99,68AB55EF2FA725286348A3F2E46D5C8D,0
4190,8F42712998B2B3478CECE7F563745217,67DCF11AA1AECCFB3E996AB035A4C374,0
3705,3DBB4B9C17E54EF8FEE2B16CF6B8A4A8,310CD84976E7DD6472FE8E29D587EA13,0
751,0397E6D2EB9382DC320FDA29E84F1B99,598F20791C4DD6A1D06E73993C86C27F,0
4644,DA4F00C618226176191DE8458BB672CD,7CF28FF7889CD373CF047538D6681B9D,0
2531,F4E9A8EC35C8E6DCE32C34CEA2D447B5,ADAFFADE3FEC2EB5176AC6C191C7DA2B,0
621,0397E6D2EB9382DC320FDA29E84F1B99,34152C30E2C5E25838121C71EA3A1FA0,0
2297,8740737B442B5650074E7983A5B7E346,44E9B405A3D20B38687F7206B2BD6BA0,0
3828,E715BEC3CAE04D209C908BF775A14626,8A10F858C516994275B7AAD41320B441,0
566,0397E6D2EB9382DC320FDA29E84F1B99,222D9D657C41132D95CFB0B86A12C425,0
1135,0397E6D2EB9382DC320FDA29E84F1B99,CC1980758E023B9E3960F363F0C6929F,0
1204,0397E6D2EB9382DC320FDA29E84F1B99,E04858E8EE58A446D77CB8E811B9382F,0
1047,0397E6D2EB9382DC320FDA29E84F1B99,B4D5D36332D638E08B777751074BCF7A,0
51,3215CCE0D8B070F3600BE9F84728BD14,8F44544B07DBDF024AA80AC0DB3E263D,0
3651,193EFDE249B5ECD9C5A68BECCBF37CC0,E8C73A41B463996C4E2E1C16BD77E237,0
1044,0397E6D2EB9382DC320FDA29E84F1B99,B3253BA0A3832C01BF8EE5D512576DD9,0
2181,26EA0C61BA5105EE2FD8518A42009872,4AD47CEE0879232EB327B71C118AA26E,0
2688,C554C83B4937CE95544CC32328F3AEE4,771EA5D8A119F5292192606F393050E6,0
534,0397E6D2EB9382DC320FDA29E84F1B99,18BDA56881DB5EB90200A05692F6AB9B,0
3184,C889AAE94DF4BCD6719166AC4D784005,A4FE425D0785F3FFFDF495B15A684ED6,0
3857,494B06A1B363BACA10CB413DA5CF6F4C,E02CEFD06DEDBE09E86313FA71B066E0,0
443,0397E6D2EB9382DC320FDA29E84F1B99,00B0B1935081D112349DA7E0655930A3,0
3604,3508F28458D4BE4553E394488CF7070D,F618064EA44561F94476DAC923762B13,0
195,A8AC72AD1B865DD430512FBDE6E2FA4B,308F56865CF76266744C96BE211B6909,0
1115,0397E6D2EB9382DC320FDA29E84F1B99,C6DD5D1A75E5DF4640032DF3B5652ED5,0
765,0397E6D2EB9382DC320FDA29E84F1B99,5D1FE5D05B6D59B3EA28F1A06C94B192,0
1945,4B47EF4B9C4B780BFDF5CEED8EE8B41E,AC81E60B34E642BFCF31318EDDAD703C,0
3247,25C78A3076B5D1CA0C027F0A192C811B,24FFF8D2B0FBFCBA9FD2E31DDEB87A2C,0
3002,312406A0DE0062ED272DB83D37871037,787B62EEF3B06AA473A9506FCED9FF6E,0
1432,DCEF6C06DDE77C2DBE7F0BE99B95120A,69B5AE101989DEA9A03D5D7D4A07749C,0
4200,8F42712998B2B3478CECE7F563745217,765BDFBDFCDC25DC34E468F9A9960D38,0
3095,576484C3D563C49FB74B0989E8F300CC,0AB2D4BE5A99A6B2816981120D9985A3,0
2922,C8C47D4E8FA8CF8A941668C51233E130,1FAB20CFD208F6EED31FB37C3338E90A,0
644,0397E6D2EB9382DC320FDA29E84F1B99,3B0762E9D9DBA9EB7BC9BB72544F250D,0
1049,0397E6D2EB9382DC320FDA29E84F1B99,B500045F8909CDAA89996D13711A1559,0
3745,DE9B5D1D418E16CB5F4BA8EE9863AB9B,9EC3B9D261DCA827A1ED7650FBC0B76B,0
4093,B262A7BDD3D7C2053DA10001FF944EBC,EB8890012AB6BCD9D54D69D91DCC4E76,0
4403,96B16BAA785F4762FB7A34A58F5A274A,518AAC7CA3CDD2CEC5095CDE0508DA84,0
120,E1EC2B2818B39D2C17A5E9125FBE7E77,2554D91388B9EAABB89FE491C6CC9DD0,0
2052,CB53B44FB6FAC79F04E8661CAD1A7C1E,33A423C5C291F46C643D08758E6DF7CF,0
4258,8F42712998B2B3478CECE7F563745217,F4D05AC4E9EC1266254C2962C6286921,0
4888,FF62E4AF8A210B6F36849BF1BEA5029A,605A0840CB8D23441F778D72F81DC2BA,0
4334,363A8710C362270999836E6D52099EC9,EA616DC7BF271DB01457E192BBDCB6C2,0
4691,5A1D7FC2B181CB5E247AC9728F0DE653,305C875D94D24B841463535361FD789A,0
134,E1EC2B2818B39D2C17A5E9125FBE7E77,4F96E52371110BCD032503FF83BCAC33,0
2460,8740737B442B5650074E7983A5B7E346,CD4EC047CBB4AE2F536C5D5934DCBBF6,0
1954,FD0551D7D587B833C5A91C740DE2E285,FFA50C8C497DA7C5C9A352D02CC9F919,0
2463,8740737B442B5650074E7983A5B7E346,CEBF2E6213CF2D4036139C7B575C7A92,0
184,A0C18744FD1F64249143A389C6848E2D,5DF74B3CC2B51046F1B2D0C390464767,1
1392,DCEF6C06DDE77C2DBE7F0BE99B95120A,3C570EFAEB512140D81F196339B2C4AE,0
2276,8740737B442B5650074E7983A5B7E346,321C41DEA6AEBB2F29A383CA267FCE1B,0
511,0397E6D2EB9382DC320FDA29E84F1B99,11855E3E21701A22A73882719D88A042,0
4729,747A1DB885FC79294F9026AED8D79D76,65722EA997C8E4B1D95F8EF7C608A098,0
4054,64A9F11024E2116EBD849E3165927C7C,029E99552FAC1D90C215C44F9405477C,0
3137,576484C3D563C49FB74B0989E8F300CC,7FB284F7EC45FE9F1F0C2FDE63FE6FCC,0
2669,588388EFE5B28EFB3934AC0AEF8EF0DD,B4EF32690869F459E42F08625239F62A,0
4773,E49518B0ED844658FFBD270F2461B85A,3F28CE2233585B11278D7D5754F66D96,0
4861,FD298DAE426117B656DF7B49703AAE49,94C1EDC6408B0A09F703CBB1651A3716,0
2117,2A0A6FBE54B50FE6825C2D18FF0F098E,59B062A62BF09D4B350A359095687A9B,0
251,BEFF0E25B34B2F65F1D070BFF287E0EA,46E44D43C8B9215E38CF11014BD2D224,0
3526,350824DC8B8B62812AD2BFD6581DDBC1,A1E552341982948E834F78FCE0EC13FE,0
3559,F1F3A933D483466E8EFD17442BF4E20C,69D730C41E90C93349A92AF6F557E18D,0
4011,169E9A8A1F3054F3C49DF2AC4F61FF89,6D2163DD8A75D43E618C819CB1BE7BAB,0
1507,DCEF6C06DDE77C2DBE7F0BE99B95120A,A023CDB628BB78C7A8584018F37F53B6,0
122,E1EC2B2818B39D2C17A5E9125FBE7E77,28D10FED349E7CD329F9B233DF8EA4E5,0
4259,8F42712998B2B3478CECE7F563745217,F4F24C98A542A0B2D92CF0CDE53FB39A,0
3333,7AEE830A4D509A11443B9199B1B2B310,F2BD3B5A0A7EEB3E6CB800EFA105AA66,0
1871,2156982AF224E9BBFCE260B0D1145C2B,4FD018B0D089D5BBFF9130206389BE14,0
3692,D26C417F886F6E5F41BCD9EFFBBFA5B0,FE3C11FB4FDC0D9AE616493C65E9F660,0
567,0397E6D2EB9382DC320FDA29E84F1B99,2233912253A872166DC627BBBCC8C6C2,0
1371,DCEF6C06DDE77C2DBE7F0BE99B95120A,27FA454C5B71049A150C1FB3E52BB455,0
3185,C889AAE94DF4BCD6719166AC4D784005,C3259859EE731C15C940702A00E2AA3E,0
3955,2D13FDB94AE10D569CC5474030B3A502,6653E913A7132EA761D69155AE437A0B,1
1056,0397E6D2EB9382DC320FDA29E84F1B99,B65E8D0FF213BE880CDED152AABB008F,0
856,0397E6D2EB9382DC320FDA29E84F1B99,7C4BA664E30D0D88323E20D2A9925569,0
3838,494B06A1B363BACA10CB413DA5CF6F4C,25F6E3005E1799FF7D4EAA483378DAB4,0
2860,46AE50B4CE8EEE935D35EB305A6A6328,E9087245336BC1A4B39AC813F5105003,0
4769,E99F9E2BC3E6E0E199D9DC4035FF5FDC,E27BA6EB305EDAD77BC35B2E0109F08E,0
776,0397E6D2EB9382DC320FDA29E84F1B99,610CC4FC32BDBD39831E1F9E099085CC,0
720,0397E6D2EB9382DC320FDA29E84F1B99,51057AC50EDAC75A47011024F50107A6,0
2710,CF08BAF34F54FABE508B3F43D8F08503,3B17C888882BB2355BF302D62DF1A499,0
2654,4552426E966B6882C2D8B746421B3989,9EF099AD2E2CCD054CA7C3AA32D2647A,0
4877,B0BB024AD6E17780CDA30014FF5102D6,2B076D402ECBA836F908C0F33A0B450D,0
602,0397E6D2EB9382DC320FDA29E84F1B99,2E365184D039CCF6B614981C6B07550B,0
3822,99D2C22C01ECD1E33873495B71D946C2,F341C6461A85F753E8C27C59E173724D,0
1244,0397E6D2EB9382DC320FDA29E84F1B99,ED1B1C54EA33791E1CDA28A17EFE8D6A,0
4845,FC7B8127F63FD5BEDECD9B0030353A13,CF684009574DC77AC32318F7DBF2FA8B,0
4841,FC7B8127F63FD5BEDECD9B0030353A13,BE42C3514AC61EE9E3EA0F49D6541AD3,0
318,A1900298ECF0CF7A5830403718A75B79,AE4B14D7EB6E46F7F1DEAB05C2304CFB,0
828,0397E6D2EB9382DC320FDA29E84F1B99,7163F0C8B1997323E5AD38FFE5BDB81D,0
3263,192395897026D03649741C2335865AE9,29546D9A25BF877E672342CED5B6397A,1
274,B750B9F07B7C364B5321C9D80279B137,54BBD49D92702BFE236E864D5F7D83D0,0
2664,F11EED67B30336433FE71396AF39CE7B,80FA09A8ED596C54FED52FCBFA8FD9BD,0
549,0397E6D2EB9382DC320FDA29E84F1B99,1D5AA63E57AC1B03CDCB13174549859F,0
3641,193EFDE249B5ECD9C5A68BECCBF37CC0,4CC79D2D812640EDDC9EB889760E4513,0
4053,640D1FB5E53D4BB6248629D7C4F170C4,E656AA087E929678CDFA6125D5C1E6D1,0
4892,6972A86BA4B631824B23705E20C14D0E,DD3F89AF824B9BF88EC4B3D6F2D75D87,0
2934,C8C47D4E8FA8CF8A941668C51233E130,773F8A5F57C51BE79A74480137F29E60,0
605,0397E6D2EB9382DC320FDA29E84F1B99,2F678EE785CFC3449EC3271C760DF60A,0
896,0397E6D2EB9382DC320FDA29E84F1B99,8874EEEFB55E2403D26A54963A8C6CFC,0
527,0397E6D2EB9382DC320FDA29E84F1B99,17EC3DDF12FC566DA187C064D9FF3778,0
4607,69F27140685C0FB7091350C3FBCF302B,BCC39B84C0490AA7E9D74BD4F23BDC84,0
2347,8740737B442B5650074E7983A5B7E346,6F87CD3AB5126EF9833430B537B25B73,0
3439,1499902C1B389A87E96E6AC204535819,FE4FE010DB1D25D2C0C2757C6DEA39AB,0
4998,930A87A198DDD42CB5BEEE76FF645B45,B9AA1BAAFEBD1D9CC7F06732D072751E,0
4826,FC7B8127F63FD5BEDECD9B0030353A13,4235B77360A441C82B74483A2C0C5847,0
3922,22B8806BDAAA39153E818B600F173AE4,DD2012A13A6ADBD0E2024D444D0FD9E9,0
298,B750B9F07B7C364B5321C9D80279B137,CC037EBA0440D85D4F4DCE8744CE1DAA,0
2119,2A0A6FBE54B50FE6825C2D18FF0F098E,872DBEE2653E92DBA123B25D323778FF,0
2536,F4E9A8EC35C8E6DCE32C34CEA2D447B5,EF5554C362358693D9E91F6A92D0B452,0
4203,8F42712998B2B3478CECE7F563745217,7C005C115DC5DA2CDD0E760060F4B43F,0
3254,B8AC3B934CA79CF9FFD0DDE0717D59C2,97640B4B597505CC2E6F5AD9B1E1BB22,0
3725,0313A0E551683BBAEF003AA4B19E354E,28003C54CE16CE96079855EEA77B0DB3,0
1260,0397E6D2EB9382DC320FDA29E84F1B99,F1BEDEBA5F5C71FE81930A38AE187F26,0
1558,DCEF6C06DDE77C2DBE7F0BE99B95120A,D97C5A3FF0CCCE98023496831613B502,0
3269,C547701E653E9A860152D1CCA54A267A,2684EE0257467AA9657A7724267C077D,0
4046,C2FDB23998FD828018834D24FCE08A80,E01B4A5CF3DA63056F59BDBBA99F374C,1
756,0397E6D2EB9382DC320FDA29E84F1B99,5AF101A568EAF6B5B9407A6FF872FE7A,0
1010,0397E6D2EB9382DC320FDA29E84F1B99,A843B649CBCC85E3F1B04FD1DAE3237B,0
2794,8075491894CBEBAB6EA74A8822A1EFF5,D8057998EAFCEFCF1A5FD1B3324ED75C,0
2905,18CF9879CECC759B5495A1FD613A226B,EC49F9DC2BA8EE42AB598F0B9E1B6ECE,0
1870,2156982AF224E9BBFCE260B0D1145C2B,4BE1186EE4A910F41BB34F7661B33899,0
2229,8740737B442B5650074E7983A5B7E346,0DC5248A5D85A8D2B2AFA48D2DC7164E,0
1173,0397E6D2EB9382DC320FDA29E84F1B99,D6596FD96C99B17FB9FEF7207582E3F7,0
1832,D5828F07054787A73F0A5665FDF3B15C,B7C10ECAAFD7A0638E444A2A618E451C,0
376,64153475F8549F693DC486E8E200F329,9BEC6D107F97CEE1A696A957B6244DDC,0
3853,494B06A1B363BACA10CB413DA5CF6F4C,B5D2411D623E3768456E4D8BEED6A7ED,0
3616,B0E5E17BD2FDE967F662E10FD56A3A3C,1BB6EE9654C4A669B1739FDD9B44B1D0,0
798,0397E6D2EB9382DC320FDA29E84F1B99,6785227AACF90834121B429C9C36C695,0
378,64153475F8549F693DC486E8E200F329,A408590E90DF6C22FCDEDDF5DB1DABF1,0
1158,0397E6D2EB9382DC320FDA29E84F1B99,D2AC91CA3182C7634728E92659D3779B,0
3819,99D2C22C01ECD1E33873495B71D946C2,DCFC60769A859D6B4BBF10E074AA02B9,0
2792,ED4AD52F1FC800EF5241B41B2A144B18,A6D7FFE82DDB99EC3F94EC4ABFA18F1F,0
2240,8740737B442B5650074E7983A5B7E346,15F1F3CDA3BAA9D0C21D3EA168BC81CE,0
4035,C2FDB23998FD828018834D24FCE08A80,0555DBCED3588601FDB3E99A4CC43B19,1
2662,C75E7A8052BFCE08A21760A71CF800FE,F7427A702E0E14C45F3926EE499CBE6E,0
4012,169E9A8A1F3054F3C49DF2AC4F61FF89,7F181B534A1EA2E8BBDEB179090964EF,0
2957,079619767B51927BF7B55DB3B968DCDA,D37186016AEDCA459CA4680D322A750D,0
3927,37041BB084DB114AC22A954DCDD00712,8341FED73744CB5778043973BD238010,1
1038,0397E6D2EB9382DC320FDA29E84F1B99,B1797C43D4F410B0336A5D86F56E61AA,0
3259,EBF264EFF698B997A31BE014B445EE8C,86D248C5B4148FD09CA1BA8FBB09A208,0
1344,DCEF6C06DDE77C2DBE7F0BE99B95120A,13E6FB99B04CCA3809A61491218C8EDF,0
2505,8740737B442B5650074E7983A5B7E346,F2466099C039C73845AAD84C11C97F38,0
1721,C5D7F9A68B18861286BF2C8BB57999F8,A2060BFFDDADB9F5FEF3EF94D9C37980,0
4663,B9F0FC7AB8CAE5309E98AA25F77EEE50,1630FCB7D67080142F5152DF1D1A77FF,0
175,E1EC2B2818B39D2C17A5E9125FBE7E77,F8B319517755E60A7CBAF3DB552FBE91,0
4893,6972A86BA4B631824B23705E20C14D0E,DFD90AE2D11332A5BD67C4EF9B99E31D,0
1909,3673A0233FEA56FFF45461AB6F166412,553B039D4FF72B78CCE35727DC4B0A6A,0
45,3215CCE0D8B070F3600BE9F84728BD14,1E190FA5990C8C865E4C7134EF789A79,0
3409,1499902C1B389A87E96E6AC204535819,B17FAF04F417DC9542E0129C33A0533A,0
4674,B9F0FC7AB8CAE5309E98AA25F77EEE50,7233B4516E3C7495897569953E22532C,0
1075,0397E6D2EB9382DC320FDA29E84F1B99,BC6188F6F6CE3DAD57084C2410F97434,0
2829,B5F3828751F9C226B3D66AF5041F63AA,EEA966F8204B9C57DDB1395B2DADDA92,0
1504,DCEF6C06DDE77C2DBE7F0BE99B95120A,9C66E88C3B33A1E72FA3FFADE3B9AF92,0
2309,8740737B442B5650074E7983A5B7E346,4D77DC233F0BB88FD9A4EEF2924606E3,0
1436,DCEF6C06DDE77C2DBE7F0BE99B95120A,69FE13B1E3530EC9509EB7330E174629,0
2418,8740737B442B5650074E7983A5B7E346,AF1DC7D322870A44E289E466444F2D9A,0
3986,2D13FDB94AE10D569CC5474030B3A502,D94B2C9AB4AB3CAC6681D4011FEC7874,0
3098,576484C3D563C49FB74B0989E8F300CC,0F084998268573375C6AA8FC743A56AD,0
4588,12042AB410614A7D6F6954FB3FA93923,274544D74BF92F30B921F8BA0179986B,0
283,B750B9F07B7C364B5321C9D80279B137,72E1F93F6765B8B674CC2F04F72D6226,0
4918,3D002B29FF39B243AF71634C0A78376A,BC15446759B1401EF963FD0C6CA57131,0
842,0397E6D2EB9382DC320FDA29E84F1B99,76FCAA9149B90D2A08968ADA295CB5CC,0
1513,DCEF6C06DDE77C2DBE7F0BE99B95120A,A9D69B6BD985E6FE934944374A712CC2,0
1168,0397E6D2EB9382DC320FDA29E84F1B99,D42BD5DBA270B66DBA664EA0E9C6F7B2,0
1592,DCEF6C06DDE77C2DBE7F0BE99B95120A,FD1E97B6E0349FDFFDF0FC57E9E6CFE0,1
3460,2850DDEEBB1B171BE258B03C6F5BA27E,E13EB0C9969A05899DBA6C989A85417F,0
3165,576484C3D563C49FB74B0989E8F300CC,D0AE000FF0C6521655B4126E75A8A1AE,0
2284,8740737B442B5650074E7983A5B7E346,3B33FA1F7FA1CDA782D097987E97D674,0
3575,3508F28458D4BE4553E394488CF7070D,269254865E0E38B51849199DAF2BCB35,0
4870,A7B32009291CF143DD9A45F0CA249F30,046AD90006D03BEB13A25E8C187C7B29,0
2305,8740737B442B5650074E7983A5B7E346,4BACCFB99F70182B1635A95912FFBAD5,0
952,0397E6D2EB9382DC320FDA29E84F1B99,9B33B8FCE5250F9965455374E6AC2AAB,0
4942,18C15DD509107393CCCF0C5D8F4C0282,EAE9C9FC0D990A78430C49AC34351C7A,0
3053,0CC553F334C3D23507F74982C5DD58EB,85310B1F5A828A41EC036C1613007AE3,0
4559,0EA54683C46114344A7CE6F2BB816769,6DC089292CB0EF4C1EF03C56CF8FDD55,0
2685,C554C83B4937CE95544CC32328F3AEE4,621B329996AF66F95BC04ABA42443103,0
1489,DCEF6C06DDE77C2DBE7F0BE99B95120A,9440ED1C3D278D1680D69E9DA3B6EC62,0
927,0397E6D2EB9382DC320FDA29E84F1B99,90B95DCF27F94E90495D818F10A38295,0
1209,0397E6D2EB9382DC320FDA29E84F1B99,E21ACB31843AFB5BF57032B278B86658,0
3973,2D13FDB94AE10D569CC5474030B3A502,B6EC57E91FEC0BCB65000C3AE4A0DABB,0
3545,35E377818B102E79FAD0CC447573C8F0,55311CE20C27541D1B5B2CE736FB9EA5,0
4361,2E0CAF347FD5F224B7D4775B290B4DA0,78D3A57AEB8A93C360ED58EC3FD28B8A,0
1921,FA7CEF0FFD72906EE0CC8BB1F563C63F,A5B7C62FC4042A40C5E65AFD40F3DB54,0
351,64153475F8549F693DC486E8E200F329,3E5C2DB9181CD26797514CDFFD4E3EB3,0
4898,ED919A1657E49BA2E72B6060A5EA0DD1,14E112A3D7F71DE287E3DFDA214F6F0F,0
3393,1499902C1B389A87E96E6AC204535819,58DD1CA9CBB91EF8649EB2F72EB92FB7,0
2721,A41C5F1C4E26DC2AA7D97D6B099CED02,8D182C721DA7F500E8DEC4A8A80B087A,0
4981,306661F4972F35ABAF8615399EB0CA51,D6AE7D98A6698AB044EABEAB4C9A8A80,0
718,0397E6D2EB9382DC320FDA29E84F1B99,506C0EB1B18B7B6A7C477AC3E129921A,0
2702,C554C83B4937CE95544CC32328F3AEE4,DC02326DAC94DE0632EB0CD9308D27A9,0
2722,A41C5F1C4E26DC2AA7D97D6B099CED02,9D26097E8CF3F5BEFD321EF054B309E1,0
4561,3DCCE5F2BCE0A65CCFD91015BF57AC9D,940AF39D1E9CC115471B5F783B7A7BE7,0
308,F15CB05CC0EFEB341E37A00C95811196,59FC074DF68A62519357A14279697AF7,1
1675,8B5C4313D10F9AE9645797A7B223F179,DFA403B96732CF962F8E6613306246DD,0
833,0397E6D2EB9382DC320FDA29E84F1B99,731C4AE1E2D992737BCB27D5DA416C0A,0
366,64153475F8549F693DC486E8E200F329,7C743681AE655C6C9AA1870CFE89FA89,0
4506,E2854B626EDB8EF85B19D54CBF806C8B,D8457FA0EB7C619E2CADE8847010A62B,0
2078,CB53B44FB6FAC79F04E8661CAD1A7C1E,DC878F3BE01D66965571F1A61D801E05,0
4038,C2FDB23998FD828018834D24FCE08A80,2B84BF79F74F1D417508E81E36FF5915,0
4846,FC7B8127F63FD5BEDECD9B0030353A13,DF7CB133F955BBC47F7F99473F211E66,0
4479,E2854B626EDB8EF85B19D54CBF806C8B,6972CF285054156642851ADFA7818ED4,0
1746,CAC4A13BC5593CE0F7430C72E0FE256F,5932FCAE980F658F714C31E9E7E5421B,0
19,4684A5B2EC909E7D94267A7AB582AA0C,5A965E8E3AD7505B8398BBDACBF6477A,0
1322,286AE1E2D3AE97F81990E8FFC3BE944C,ABD5E8EC1B51D86DBD05FCBF6E466339,0
3567,143296CE2D8E4D538A498ADF9368918B,41002B5A8C29A5068D19A23938889189,0
2521,8740737B442B5650074E7983A5B7E346,FF1B62C538930B1D5D9D0142440DCF87,0
218,A8AC72AD1B865DD430512FBDE6E2FA4B,E908E2877A5A88FC1D5AA2FEBBF2B8AE,0
1487,DCEF6C06DDE77C2DBE7F0BE99B95120A,91FF45D556DB651AE04792E000A9640A,0
438,0150620EF457986E1DEE422F927800FE,F7DF6F89281A2B6F3BACF5233A8679FF,0
4174,8F42712998B2B3478CECE7F563745217,53CD9213A7D49B04F374FDB99FD9030F,0
2750,69843CB43EDB7E24C9942651585325B1,716D62A293ED130096D5A726DF5A61EB,0
3288,7AEE830A4D509A11443B9199B1B2B310,4FC872D020D13E261C70C171F0C7D18F,0
3433,1499902C1B389A87E96E6AC204535819,EC5B5607A519F99DCDDA13A697EEE400,0
2525,F4E9A8EC35C8E6DCE32C34CEA2D447B5,51BB5FB4728028252A63DCD7F64FF771,0
4650,1D542747877CC49418F32E9648E59E21,18F4F79D1378E876776B23C14B3E2542,0
3688,D26C417F886F6E5F41BCD9EFFBBFA5B0,F14E56C07927699A3CED3D96344AD253,0
2763,69843CB43EDB7E24C9942651585325B1,B43DC904C6ACA2722BB2E7A09663FD2D,0
802,0397E6D2EB9382DC320FDA29E84F1B99,67F0CF0C18ABB808E262BEA088769049,0
2997,312406A0DE0062ED272DB83D37871037,5EB68B63521F2836791E6E9015BB09F9,0
2228,8740737B442B5650074E7983A5B7E346,0C8E340453B2CD4EBDE3D30B133343FF,0
4785,A89D7E34D52AE574F5B5B5A9CA466E5A,ED5FA083E1A0593C53E9A5C94C943BFB,0
2077,CB53B44FB6FAC79F04E8661CAD1A7C1E,D6A9C229A18D7011517695F9D4E86B1A,0
582,0397E6D2EB9382DC320FDA29E84F1B99,28D9FB48B1596DFD41A626B4A42FFFEC,0
203,A8AC72AD1B865DD430512FBDE6E2FA4B,62A141B9C6F0B970C4F7E687DD08A26E,0
4346,2E0CAF347FD5F224B7D4775B290B4DA0,0402A1EA2E4BEA0B6BCB3ECFD94F1F9B,0
3478,C890BCA9139196AF5D6E8A7DD283163A,20D31BE63D27B524BD42258FCFCE58B0,1
2929,C8C47D4E8FA8CF8A941668C51233E130,5C9384CF6B07F352D57FC46D3B2C471C,0
3085,DEA91B3AA1A88E25D864FC2BFC681641,D4119D6A32F9C291C0E8B11A13245FE7,0
1018,0397E6D2EB9382DC320FDA29E84F1B99,AA9E71F5EA3FDB98F3F47921948221D1,0
1583,DCEF6C06DDE77C2DBE7F0BE99B95120A,F8133DE0380C766850DA43BBD811E192,0
1032,0397E6D2EB9382DC320FDA29E84F1B99,AEB1C53A857D3B01E04FFACFC3223E2F,0
1718,C5D7F9A68B18861286BF2C8BB57999F8,45B10A44591E3DC921A19077DB061F13,0
1281,0397E6D2EB9382DC320FDA29E84F1B99,F6293BEA34D6E39B9D09A954AF36941F,0
2498,8740737B442B5650074E7983A5B7E346,EBBAA0F7A8A0825355E3130FC1AFF264,0
3350,B5197655D3BCA22E413C042A5AF36F1A,7C5D81D6D07E8DEE953DF8179E5E2390,0
517,0397E6D2EB9382DC320FDA29E84F1B99,142130B82A6CE5A7299DD3FF8F48364D,0
1747,CAC4A13BC5593CE0F7430C72E0FE256F,7CBCBC0B9BC042AC0F42D0160CDE2736,0
4652,1D542747877CC49418F32E9648E59E21,2C180FDF4246B775329E7100BBE438DB,0
3732,F4853264AA7705AE432666FCBCE89CA0,236C635CE7EE929F48F1362503C081F0,0
668,0397E6D2EB9382DC320FDA29E84F1B99,4132BB1A771A275F6AD70C910C76629B,0
4059,64A9F11024E2116EBD849E3165927C7C,4267766F52FDC19931ABA600201E2428,0
3026,312406A0DE0062ED272DB83D37871037,D8521E643B927625035442A8BB5A439E,0
4932,55C9A1B9BE345C519228632EA6D48A21,04D7CE42EEDE4DC3749A049035BA5E78,0
3286,7AEE830A4D509A11443B9199B1B2B310,4ADE9D9851D1042BE14AF63CB350B22D,0
2650,E607F49659A3B296849EF551939124D6,AAA4D12FC0230354628CAAAA5F018ABB,0
4453,E146E8C1849EA1BA9A2AA7215EE18DB4,807544A0446A44C13B0175737A4C7D5B,0
3192,45335B85CCC44F4122A5BBB75ECE61D7,523F3817FBE352BE6DEC0DBA80E16066,0
2124,344A3540B8AB8B78158CB37ED73FFB57,4EC24BF7F84E68E17653CA1CD3C92081,0
3375,1499902C1B389A87E96E6AC204535819,02404987270B0203A3F492CDC592643A,0
3392,1499902C1B389A87E96E6AC204535819,552B7181F0FFA7791729CD791C57DD9B,0
3485,C890BCA9139196AF5D6E8A7DD283163A,8D322E299854B28916FB3412E03388F4,0
759,0397E6D2EB9382DC320FDA29E84F1B99,5BDD8D003995704F9BFDE3C61D407240,0
3379,1499902C1B389A87E96E6AC204535819,25C2D17B86A06F4C0EFCEB600CDD8521,0
4440,AFAB65C5FC62A180D6B3B18431E60566,E9D97D0AAE03EF746B688AB39E5B45EB,0
2526,F4E9A8EC35C8E6DCE32C34CEA2D447B5,595D71B1D81B0DB4CE80A49E7B3FBBA6,0
4858,FD298DAE426117B656DF7B49703AAE49,7688EFDAB237669BE6D68676EAF48005,0
907,0397E6D2EB9382DC320FDA29E84F1B99,8B66FF761F6FEF6D6A05A7A2ECAB9B0E,0
2683,C554C83B4937CE95544CC32328F3AEE4,53F27872CBA834F93731447449109BFE,0
214,A8AC72AD1B865DD430512FBDE6E2FA4B,CC58172BCD8139AB6EE43BF756BD6B4D,1
3331,7AEE830A4D509A11443B9199B1B2B310,EAA4D588DC99D0713410AB46FFC0F358,0
4458,E146E8C1849EA1BA9A2AA7215EE18DB4,ECA16E03F8FCD016EDE7ED27861CBDE4,0
693,0397E6D2EB9382DC320FDA29E84F1B99,45670FCCFFBEB44ECF4DE944526C0DFA,0
1503,DCEF6C06DDE77C2DBE7F0BE99B95120A,9B86C18D29010DD558769EFBD7C26B9D,0
2414,8740737B442B5650074E7983A5B7E346,AE56F44F66A3658B8AE52FAB19B22385,0
2118,2A0A6FBE54B50FE6825C2D18FF0F098E,5B2DC92EE57BDEE6F9083E23ED2B1291,0
3858,494B06A1B363BACA10CB413DA5CF6F4C,F6945D1C0117188ECC158BB55A06D619,0
2462,8740737B442B5650074E7983A5B7E346,CEA06F15FA3BDA88CF3003AFEBC0548F,0
3635,CF554A2DE4D38FB50A5CD1215BBACD1C,3EEA793B341A755CEDA7D06F6FEB4643,0
4105,D898456AA76A5B6A86ED2FB5D0C93BE5,2AD09BA4D267DE1F584B773392AE337D,0
4478,E2854B626EDB8EF85B19D54CBF806C8B,6804859276BAFEE3B9B4122F37A36FB4,0
196,A8AC72AD1B865DD430512FBDE6E2FA4B,3789984408CDA16A3A8D1EA113C50064,0
4667,B9F0FC7AB8CAE5309E98AA25F77EEE50,42DCA0562ECAD52C95229A6663E262AC,0
1543,DCEF6C06DDE77C2DBE7F0BE99B95120A,C63328C2A78293D25BD654DF0A089324,0
1330,DCEF6C06DDE77C2DBE7F0BE99B95120A,08BEAC51CFB3A67CE032800DF3E8E7D3,0
879,0397E6D2EB9382DC320FDA29E84F1B99,8246A5B760081FC8F2C761A4A03D110D,0
4502,E2854B626EDB8EF85B19D54CBF806C8B,C907EC9B413CC243D1538376C3B19A25,0
3501,12DD49709BBB7596ACB1EA530015F556,620DB645FC2C923DBBE065FFA5D848DB,0
3894,230C75A045BF2A6751473B09799770E2,261ADCA0F243F52B9A96986944938B55,0
4990,2E9C52B5CAD239E579BAEE3732847C98,F408DB64D4D03DB4C9A254D31B84E8A0,0
887,0397E6D2EB9382DC320FDA29E84F1B99,8426D7B1A827DBFA25C486B9DEEDEA5C,0
1345,DCEF6C06DDE77C2DBE7F0BE99B95120A,13F27DA7D704B63C3ECB92E0C97C60D1,0
68,68470D7148500EFAC6B9535F5ACF4E4C,08F336C901FCB49A2467018EA0C39E55,0
4210,8F42712998B2B3478CECE7F563745217,90F1029312FE6821E3F4070793D3C607,0
1815,A7C654B8B906230F913B2A4746415FC5,3E7B657F323AFF85D194989B7DCD7B4A,0
568,0397E6D2EB9382DC320FDA29E84F1B99,236E9DA90C755D2955BF39A6DE805D0C,0
2167,172A296A74C692D0057731C02F834B25,5A3E44D22DD65BA91B89A9DF7702FAC0,0
96,2B94B6A6B87EC5F21539D6B5F438F6B5,6D77A8858E2CE27D2BB1A6A9F94F0CE3,0
4181,8F42712998B2B3478CECE7F563745217,5A37E0C4313F54588053A7BB23496661,0
3353,7AF23716BF6D664EE0E8C09A9581FD90,1BAE6C19F15AD8394DA977CB5ACDC241,0
139,E1EC2B2818B39D2C17A5E9125FBE7E77,6463CC11FC1199969ABFC6F6E45E34A9,0
4954,7AE1526F39197087B651CA7A84ECC70E,6B44D01B42C4D407D838FA8F85C19F2F,0
2602,1D54E1B9438608368D3800911A9AB5C5,7CC64EFD0AD7CA96EB2EABA0A19B5F63,0
4023,FD8DEC2A0AD5498E98B1BCE698CC29F1,F235B08FDAA936B93BB4A443B9712BB7,0
4772,E49518B0ED844658FFBD270F2461B85A,3328F455531BD74BBCBF8D459B18BF8A,0
1606,0BBA0136028879848F52E646DD01F8C7,BE27788FE7491D24FF788E14665AAED8,0
1629,75789966E9A2B833B566E5DD1163EA22,BF6C9DE06280BEE20F071E5B742A5AE7,0
1539,DCEF6C06DDE77C2DBE7F0BE99B95120A,BD12660576D2954B97EE3595E1C7A509,0
1694,D62B5B374A28ACEEBD4A09B741232A20,5962D97F563CBE8066D946B0D22F9DEA,0
2059,CB53B44FB6FAC79F04E8661CAD1A7C1E,5CC6DD3CBA4B27CE7336D778ED6A375D,0
463,0397E6D2EB9382DC320FDA29E84F1B99,0555AFE312D2D134C192CA6E9B16EC8E,0
2330,8740737B442B5650074E7983A5B7E346,60A1010D8850C455C62B91178FDC8E41,0
3043,BCA0CB3C30E07D5550E9EBF89380BA1D,D1EB8B40B45064C91E2A7AAA3A0BB29E,0
4734,515F904834B9252A5263E0E36E60327E,DED7CD5069410EE9884D8B78D9D0B94A,0
594,0397E6D2EB9382DC320FDA29E84F1B99,2BEEF44ADF73228FF4A722309CE1F1B3,0
3814,99D2C22C01ECD1E33873495B71D946C2,8991690D793969A5A361F4E7A80C5F06,0
625,0397E6D2EB9382DC320FDA29E84F1B99,355B84D7C5021B60D385449B8F3596D5,0
450,0397E6D2EB9382DC320FDA29E84F1B99,01B2C15E696737AD59A6D71F53BB94F7,0
1499,DCEF6C06DDE77C2DBE7F0BE99B95120A,99A7E5D433EDFC82B70030A868CA93B0,0
2456,8740737B442B5650074E7983A5B7E346,C877C5FEDC66A2E598D49B97A1B60ABF,0
4722,12F2FE49C38C70AAD4C221BDF187DE80,CB2555F427628D3923F4DE5887718523,0
2984,312406A0DE0062ED272DB83D37871037,2F246052A0AE050920D89F333FD3F1A1,0
1569,DCEF6C06DDE77C2DBE7F0BE99B95120A,E797C89DF9F3A82761DCB01D15E7E64D,0
1034,0397E6D2EB9382DC320FDA29E84F1B99,AFADB2986C076BED582CA3BAD7CDD313,0
3518,350824DC8B8B62812AD2BFD6581DDBC1,56EF77FA072BF2FB93CAA8860C45C007,0
1557,DCEF6C06DDE77C2DBE7F0BE99B95120A,D5E831F8145C0B672D8E8F363A1D03A5,0
3624,B0E5E17BD2FDE967F662E10FD56A3A3C,91B765E0B2F933DDEE33E116BD1829C0,0
4664,B9F0FC7AB8CAE5309E98AA25F77EEE50,2344A88F32E999282DE7F070E4E01DE2,0
150,E1EC2B2818B39D2C17A5E9125FBE7E77,9704B6B7D714B1D9281E49AABDB98E9B,0
1420,DCEF6C06DDE77C2DBE7F0BE99B95120A,5D6B225262B02AF8835612C7D0CE0B2F,0
2011,C1AF07CB1636C863950531A3624D0F54,8A97CD849F553E6D41009907E7AC8BDF,0
2686,C554C83B4937CE95544CC32328F3AEE4,6284BFCBE3690130FC399E6020AEC764,0
1786,74BCD11F1336E58A5ACC26670418E05E,C4C55FD85AE2D4EEA65BABF7986DAAD5,0
88,CD3DB5FFFAAEFB1CF1B84B2F354B30FC,FC8EDBAE542249588A6224BB5D7ABF6B,0
457,0397E6D2EB9382DC320FDA29E84F1B99,038696A0080F2204F641C07E2A40FFF2,0
1305,0397E6D2EB9382DC320FDA29E84F1B99,FC97B100314E8A24E99EDFF12170C806,0
2925,C8C47D4E8FA8CF8A941668C51233E130,3FA71938A0A7011437D4592B0E8A6FDD,0
3270,861BC89174D0D0CB4426F3AACDF13004,B3EBFAE17FA9D1604D732A4006BF60DB,0
3227,7F8377734B99A3C3367C87C46C383EE5,BBED3FD0ACA5A687197F5818E4BE0B41,0
1988,C1AF07CB1636C863950531A3624D0F54,2CD9BCC6364CD207F619ECD49A838961,1
3754,C4A1DD02BA91EDE871C7FC6218786632,4588205E9BACDBF61375AB780D9156D9,0
3646,193EFDE249B5ECD9C5A68BECCBF37CC0,73A68A55EB88D98FCA3F6A8292D10E52,0
831,0397E6D2EB9382DC320FDA29E84F1B99,730488FA560FAB4D8BF0219EFBFFDF9A,0
239,3FBCA57C33B7CC5CCBEC594833C7F23B,856611776362DD2658E0C33DCBCD3F14,0
4681,B9F0FC7AB8CAE5309E98AA25F77EEE50,A2C32E1C315B360128514810D1A86988,0
3022,312406A0DE0062ED272DB83D37871037,BABC1AAF0B1D0B191413CA909BEA5C25,0
3148,576484C3D563C49FB74B0989E8F300CC,A41C290A46E6A899081B0D5603F1582C,0
1946,65DFC000B1BBA67BF0AC42E1914C3E4A,2A6C7B2563808676FAF5AF8300418293,0
2775,69843CB43EDB7E24C9942651585325B1,FA171160EE15D209A0C224D2DD81C5F4,0
192,A8AC72AD1B865DD430512FBDE6E2FA4B,1147198827AEEC187E5701100A047910,0
4849,FC7B8127F63FD5BEDECD9B0030353A13,F73E1D6133E86DFDBCA488A50093F676,0
4939,7A515BE2CA97EA6E9CD85ADEDB312CDD,C9BB5444006E27C20991BD3AFA642A4E,0
944,0397E6D2EB9382DC320FDA29E84F1B99,98904EAD5584D350BBFCC5DD953112DD,0
1268,0397E6D2EB9382DC320FDA29E84F1B99,F2EFA1C3FB821AD482E028E20CE6D0C3,0
4231,8F42712998B2B3478CECE7F563745217,BE9B0CF9DA008319AC269B05694B7469,0
2307,8740737B442B5650074E7983A5B7E346,4C8721D496E137870398F92BCB878FAF,0
4424,96B16BAA785F4762FB7A34A58F5A274A,D773AAE60C32A1ABF8C1613F6836015F,0
4711,B2D70D4FAD2EA047269B7B9D7CA6BBFB,1A8539F0E2BE5560BD7F0EBEFCB48FA6,0
2313,8740737B442B5650074E7983A5B7E346,517C2A851F752D65BF4580A0F349F724,0
3214,BFACE800AD6239C7CFC7C3277BA15CFB,D12872FBB35910A870E2AE56D0789AF3,1
2732,69843CB43EDB7E24C9942651585325B1,087F3B7535AE50B3F209E405C8E9DABE,0
1926,F2B97920A11524927AEE8EFECCCB4599,3F04EEFC57E58A4C4B3C6CABCBC1F949,0
